{
  "EngineData": {
    "EcuType": 5,
    "EcuName": "Autosport Labs",
    "OverRevEnabled": true,
    "OverRev": 8000,
    "ShiftNotificationType": 0,
    "UpShiftEnabled": true,
    "UpShift": 6620,
    "DownShiftEnabled": false,
    "DownShift": 4000,
    "OilPressureEnabled": false,
    "OilPressurePsi": 10,
    "OilPressureRpm": 1500,
    "TemperatureEnabled": false,
    "Temperature": 215,
    "VoltageEnabled": false,
    "Voltage": 11.5,
    "TrackSelectionIndex": 0,
    "TrackSelectionName": "Area 27",
    "FindTrackByName": true
  },
  "DynamicsData": {
    "AnnounceLateralGForce": false,
    "LateralGForceThreshold": 1.0,
    "AnnounceLinearGForce": false,
    "LinearGForceThreshold": 1.0,
    "ActiveWheelLockDetectionEnabled": false,
    "BrakeThresholdPsi": 100,
    "WheelSpeedPercentDifference": 4,
    "AnnounceSpeed": false,
    "SpeedThreshold": 105,
    "AnnounceBestLap": false,
    "AnnounceLapDelta": false,
    "AnnounceBrakeThresholdIndex": 0,
    "BrakeThresholdMin": 500,
    "BrakeThresholdMax": 600,
    "BrakeMinHz": 50,
    "BrakeMaxHz": 1500,
    "BrakeToneDuration": 0,
    "AnnounceBrakeThreshold": false
  },
  "HardwareData": {
    "LicenseState": "1L3R5EK-1ATCYDE-I3BYXQ-1UWWDC8",
    "Name": "AK06E47G",
    "HideWarnings": "NONE",
    "FeatureCode": "11ZJW05-Q7HA2J-1EUR5M2-B2KO4K",
    "Version": "RACE VOICE-SA,  VERSION,  APRIL 17 2022, A1",
    "Volume": 5,
    "SWVersion": "04-17-2022-A1",
    "Pitch": 50,
    "GPSWindow": 1,
    "iRacingVolume": 80,
    "SimVolume": 100,
    "BaudRate": 1,
    "Trace": 0,
    "GetConfigAtStart": true,
    "ShareNewTracks": true
  },
  "MessageTriggers": [
    {
      "Phrase": "NONE",
      "Repeat": 0
    },
    {
      "Phrase": "NONE",
      "Repeat": 0
    },
    {
      "Phrase": "NONE",
      "Repeat": 0
    },
    {
      "Phrase": "NONE",
      "Repeat": 0
    },
    {
      "Phrase": "NONE",
      "Repeat": 0
    },
    {
      "Phrase": "NONE",
      "Repeat": 0
    },
    {
      "Phrase": "NONE",
      "Repeat": 0
    },
    {
      "Phrase": "NONE",
      "Repeat": 0
    }
  ]
}