LOG:0X55,0,7,27.450117,-81.352852,307.055817,13,2902,13,1.007812,0.058594,15,53
LOG:0X55,1,7,27.450117,-81.352837,307.155853,14,2902,13,1.007812,0.058594,15,53
LOG:0X55,2,7,27.450117,-81.352837,307.255829,14,2932,3,1.007812,0.058594,15,53
LOG:0X55,3,7,27.450113,-81.352829,307.355835,14,2932,3,1.007812,0.058594,15,53
LOG:0X55,4,7,27.450113,-81.352821,307.455841,14,2866,3,1.007812,0.058594,15,53
LOG:0X55,5,7,27.450113,-81.352814,307.555847,14,2866,3,1.007812,0.058594,15,53
LOG:0X55,6,7,27.450109,-81.352806,307.655823,14,2965,3,1.007812,0.058594,15,53
LOG:0X55,7,7,27.450109,-81.352798,307.755829,14,2965,3,1.007812,0.058594,15,53
LOG:0X55,8,7,27.450106,-81.352791,307.855835,14,2759,3,1.007812,0.058594,15,53
LOG:0X55,9,7,27.450106,-81.352783,307.955841,14,2759,3,1.007812,0.058594,15,53
LOG:0X55,10,7,27.450102,-81.352776,308.055847,14,2852,3,1.007812,0.058594,15,53
LOG:0X55,11,7,27.450102,-81.352768,308.155823,13,2852,3,1.007812,0.058594,15,53
LOG:0X55,12,7,27.450102,-81.352760,308.255859,13,2645,1,1.007812,0.058594,15,53
LOG:0X55,13,7,27.450098,-81.352753,308.355835,13,2645,1,1.007812,0.058594,15,53
LOG:0X55,14,7,27.450098,-81.352753,308.455841,13,2715,0,1.007812,0.058594,15,53
LOG:0X55,15,7,27.450098,-81.352745,308.555817,13,2715,0,1.007812,0.058594,15,53
LOG:0X55,16,7,27.450098,-81.352737,308.655823,13,2541,0,1.007812,0.058594,15,53
LOG:0X55,17,7,27.450094,-81.352730,308.755829,13,2541,0,1.007812,0.058594,15,53
LOG:0X55,18,7,27.450094,-81.352730,308.855835,12,2387,0,1.007812,0.058594,15,53
LOG:0X55,19,7,27.450094,-81.352715,308.955841,12,2387,0,1.007812,0.058594,15,53
LOG:0X55,20,7,27.450094,-81.352707,309.055939,12,2454,0,1.007812,0.058594,15,53
LOG:0X55,21,7,27.450094,-81.352707,309.155853,11,2454,0,1.007812,0.058594,15,53
LOG:0X55,22,7,27.450094,-81.352699,309.255829,11,2409,0,1.007812,0.058594,15,53
LOG:0X55,23,7,27.450094,-81.352692,309.355835,11,2409,0,1.007812,0.058594,15,53
LOG:0X55,24,7,27.450094,-81.352692,309.455811,11,2156,0,1.007812,0.058594,15,53
LOG:0X55,25,7,27.450094,-81.352684,309.555847,11,2156,0,1.007812,0.058594,15,53
LOG:0X55,26,7,27.450094,-81.352684,309.655823,11,2225,0,1.007812,0.058594,15,53
LOG:0X55,27,7,27.450094,-81.352676,309.755829,10,2225,0,1.007812,0.058594,15,53
LOG:0X55,28,7,27.450094,-81.352669,309.855835,10,2002,0,1.007812,0.058594,15,53
LOG:0X55,29,7,27.450094,-81.352669,309.955841,10,2002,0,1.007812,0.058594,15,53
LOG:0X55,30,7,27.450094,-81.352661,310.055847,9,1875,0,1.007812,0.058594,15,53
LOG:0X55,31,7,27.450094,-81.352661,310.155823,9,1875,0,1.007812,0.058594,15,53
LOG:0X55,32,7,27.450094,-81.352654,310.255829,9,1582,0,1.007812,0.058594,15,53
LOG:0X55,33,7,27.450094,-81.352654,310.355835,9,1582,0,1.007812,0.058594,15,53
LOG:0X55,34,7,27.450094,-81.352654,310.455841,9,1311,0,1.007812,0.058594,15,53
LOG:0X55,35,7,27.450094,-81.352646,310.555817,9,1311,0,1.007812,0.058594,15,53
LOG:0X55,36,7,27.450094,-81.352646,310.656189,9,1216,0,1.007812,0.058594,15,53
LOG:0X55,37,7,27.450094,-81.352646,310.755829,9,1216,0,1.007812,0.058594,15,53
LOG:0X55,38,7,27.450098,-81.352638,310.855835,9,1701,3,1.007812,0.058594,15,53
LOG:0X55,39,7,27.450098,-81.352638,310.955841,9,1701,3,1.007812,0.058594,15,53
LOG:0X55,40,7,27.450098,-81.352631,311.055817,8,1847,3,1.007812,0.058594,15,53
LOG:0X55,41,7,27.450102,-81.352631,311.155853,8,1847,3,1.007812,0.058594,15,53
LOG:0X55,42,7,27.450102,-81.352631,311.255829,8,1892,3,1.007812,0.058594,15,53
LOG:0X55,43,7,27.450102,-81.352623,311.355835,8,1892,3,1.007812,0.058594,15,53
LOG:0X55,44,7,27.450102,-81.352615,311.455841,8,1897,4,1.007812,0.058594,15,53
LOG:0X55,45,7,27.450102,-81.352615,311.555847,8,1897,4,1.007812,0.058594,15,53
LOG:0X55,46,7,27.450102,-81.352608,311.655823,9,1896,4,1.007812,0.058594,15,53
LOG:0X55,47,7,27.450102,-81.352608,311.755829,9,1896,4,1.007812,0.058594,15,53
LOG:0X55,48,7,27.450102,-81.352592,311.855835,9,1935,4,1.007812,0.058594,15,53
LOG:0X55,49,7,27.450102,-81.352592,311.955841,9,1935,4,1.007812,0.058594,15,53
LOG:0X55,50,7,27.450102,-81.352585,312.055847,9,1999,4,1.007812,0.058594,15,53
LOG:0X55,51,7,27.450102,-81.352577,312.155823,9,1999,4,1.007812,0.058594,15,53
LOG:0X55,52,7,27.450102,-81.352577,312.255859,9,1979,0,1.007812,0.058594,15,53
LOG:0X55,53,7,27.450102,-81.352570,312.355835,9,1979,0,1.007812,0.058594,15,53
LOG:0X55,54,7,27.450102,-81.352570,312.455841,9,1923,0,1.007812,0.058594,15,53
LOG:0X55,55,7,27.450102,-81.352562,312.555817,9,1923,0,1.007812,0.058594,15,53
LOG:0X55,56,7,27.450102,-81.352562,312.655823,10,1927,0,1.007812,0.058594,15,53
LOG:0X55,57,7,27.450102,-81.352554,312.755829,9,1927,0,1.007812,0.058594,15,53
LOG:0X55,58,7,27.450102,-81.352554,312.855835,9,1903,0,1.007812,0.058594,15,53
LOG:0X55,59,7,27.450102,-81.352547,312.955841,9,1903,0,1.007812,0.058594,15,53
LOG:0X55,60,7,27.450102,-81.352539,313.055847,9,1738,0,1.007812,0.058594,15,53
LOG:0X55,61,7,27.450102,-81.352539,313.155853,8,1738,0,1.007812,0.058594,15,53
LOG:0X55,62,7,27.450102,-81.352531,313.255829,8,1680,0,1.007812,0.058594,15,53
LOG:0X55,63,7,27.450102,-81.352531,313.355835,8,1680,0,1.007812,0.058594,15,53
LOG:0X55,64,7,27.450102,-81.352524,313.455811,8,1664,0,1.007812,0.058594,15,53
LOG:0X55,65,7,27.450102,-81.352524,313.555847,8,1664,0,1.007812,0.058594,15,53
LOG:0X55,66,7,27.450102,-81.352516,313.655823,8,1508,0,1.007812,0.058594,15,53
LOG:0X55,67,7,27.450102,-81.352516,313.755829,7,1508,0,1.007812,0.058594,15,53
LOG:0X55,68,7,27.450102,-81.352509,313.855835,7,1493,0,1.007812,0.058594,15,53
LOG:0X55,69,7,27.450102,-81.352509,313.955841,7,1493,0,1.007812,0.058594,15,53
LOG:0X55,70,7,27.450102,-81.352501,314.055847,7,1415,0,1.007812,0.058594,15,53
LOG:0X55,71,7,27.450102,-81.352501,314.155823,7,1415,0,1.007812,0.058594,15,53
LOG:0X55,72,7,27.450102,-81.352493,314.255829,7,1461,4,1.007812,0.058594,15,53
LOG:0X55,73,7,27.450102,-81.352493,314.355835,7,1461,4,1.007812,0.058594,15,53
LOG:0X55,74,7,27.450102,-81.352486,314.455841,6,1434,6,1.007812,0.058594,15,53
LOG:0X55,75,7,27.450102,-81.352486,314.555817,7,1434,6,1.007812,0.058594,15,53
LOG:0X55,76,7,27.450102,-81.352486,314.655853,7,1549,6,1.007812,0.058594,15,53
LOG:0X55,77,7,27.450102,-81.352470,314.755829,7,1549,6,1.007812,0.058594,15,53
LOG:0X55,78,7,27.450102,-81.352463,314.855835,7,1657,7,1.007812,0.058594,15,53
LOG:0X55,79,7,27.450102,-81.352463,314.955841,7,1657,7,1.007812,0.058594,15,53
LOG:0X55,80,7,27.450102,-81.352455,315.055817,7,1772,7,1.007812,0.058594,15,53
LOG:0X55,81,7,27.450102,-81.352455,315.155853,8,1772,7,1.007812,0.058594,15,53
LOG:0X55,82,7,27.450102,-81.352448,315.255829,8,1878,7,1.007812,0.058594,15,53
LOG:0X55,83,7,27.450102,-81.352448,315.355835,8,1878,7,1.007812,0.058594,15,53
LOG:0X55,84,7,27.450102,-81.352440,315.455841,9,1990,7,1.007812,0.058594,15,53
LOG:0X55,85,7,27.450102,-81.352432,315.555847,9,1990,7,1.007812,0.058594,15,53
LOG:0X55,86,7,27.450102,-81.352432,315.655823,10,2097,7,1.007812,0.058594,15,53
LOG:0X55,87,7,27.450102,-81.352425,315.755829,10,2097,7,1.007812,0.058594,15,53
LOG:0X55,88,7,27.450102,-81.352425,315.855835,10,2182,7,1.007812,0.058594,15,53
LOG:0X55,89,7,27.450102,-81.352417,315.955841,10,2182,7,1.007812,0.058594,15,53
LOG:0X55,90,7,27.450102,-81.352409,316.055847,10,2277,10,1.007812,0.058594,15,53
LOG:0X55,91,7,27.450102,-81.352409,316.155823,10,2277,10,1.007812,0.058594,15,53
LOG:0X55,92,7,27.450102,-81.352402,316.255859,11,2376,10,1.007812,0.058594,15,53
LOG:0X55,93,7,27.450102,-81.352394,316.355835,11,2376,10,1.007812,0.058594,15,53
LOG:0X55,94,7,27.450106,-81.352394,316.455841,11,2485,10,1.007812,0.058594,15,53
LOG:0X55,95,7,27.450106,-81.352386,316.555817,12,2485,10,1.007812,0.058594,15,53
LOG:0X55,96,7,27.450106,-81.352379,316.655823,12,2596,10,1.007812,0.058594,15,53
LOG:0X55,97,7,27.450106,-81.352371,316.755829,12,2596,10,1.007812,0.058594,15,53
LOG:0X55,98,7,27.450106,-81.352371,316.855835,12,2703,11,1.007812,0.058594,15,53
LOG:0X55,99,7,27.450106,-81.352364,316.955841,13,2703,11,1.007812,0.058594,15,53
LOG:0X55,100,7,27.450106,-81.352348,317.055847,13,2813,11,1.007812,0.058594,15,53
LOG:0X55,101,7,27.450106,-81.352341,317.155853,13,2813,11,1.007812,0.058594,15,53
LOG:0X55,102,7,27.450106,-81.352341,317.255829,13,2907,11,1.007812,0.058594,15,53
LOG:0X55,103,7,27.450106,-81.352333,317.355835,14,2907,11,1.007812,0.058594,15,53
LOG:0X55,104,7,27.450106,-81.352325,317.455811,14,2974,11,1.007812,0.058594,15,53
LOG:0X55,105,7,27.450106,-81.352318,317.555847,14,2974,11,1.007812,0.058594,15,53
LOG:0X55,106,7,27.450106,-81.352310,317.655823,15,3052,11,1.007812,0.058594,15,53
LOG:0X55,107,7,27.450102,-81.352303,317.755829,15,3052,11,1.007812,0.058594,15,53
LOG:0X55,108,7,27.450102,-81.352295,317.855835,15,3145,11,1.007812,0.058594,15,53
LOG:0X55,109,7,27.450102,-81.352295,317.955841,15,3145,11,1.007812,0.058594,15,53
LOG:0X55,110,7,27.450102,-81.352287,318.055847,15,3211,11,1.007812,0.058594,15,53
LOG:0X55,111,7,27.450102,-81.352280,318.155823,15,3211,11,1.007812,0.058594,15,53
LOG:0X55,112,7,27.450102,-81.352272,318.255829,15,3260,11,1.007812,0.058594,15,53
LOG:0X55,113,7,27.450102,-81.352264,318.355835,16,3260,11,1.007812,0.058594,15,53
LOG:0X55,114,7,27.450102,-81.352264,318.455841,16,3314,5,1.007812,0.058594,15,53
LOG:0X55,115,7,27.450102,-81.352257,318.555817,16,3314,5,1.007812,0.058594,15,53
LOG:0X55,116,7,27.450102,-81.352249,318.655853,16,3270,5,1.007812,0.058594,15,53
LOG:0X55,117,7,27.450102,-81.352242,318.755829,16,3270,5,1.007812,0.058594,15,53
LOG:0X55,118,7,27.450102,-81.352226,318.855835,16,3350,10,1.007812,0.058594,15,53
LOG:0X55,119,7,27.450102,-81.352219,318.955841,16,3350,10,1.007812,0.058594,15,53
LOG:0X55,120,7,27.450102,-81.352211,319.055817,16,3282,6,1.007812,0.058594,15,53
LOG:0X55,121,7,27.450102,-81.352203,319.155853,16,3282,6,1.007812,0.058594,15,53
LOG:0X55,122,7,27.450102,-81.352203,319.255829,16,2831,0,1.007812,0.058594,15,53
LOG:0X55,123,7,27.450102,-81.352196,319.355835,16,2831,0,1.007812,0.058594,15,53
LOG:0X55,124,7,27.450102,-81.352188,319.455841,16,2345,0,1.007812,0.058594,15,53
LOG:0X55,125,7,27.450102,-81.352180,319.555847,16,2345,0,1.007812,0.058594,15,53
LOG:0X55,126,7,27.450102,-81.352173,319.655823,16,1934,0,1.007812,0.058594,15,53
LOG:0X55,127,7,27.450102,-81.352165,319.755829,16,1934,0,1.007812,0.058594,15,53
LOG:0X55,128,7,27.450102,-81.352158,319.855835,16,1819,10,1.007812,0.058594,15,53
LOG:0X55,129,7,27.450102,-81.352150,319.955841,16,1819,10,1.007812,0.058594,15,53
LOG:0X55,130,7,27.450102,-81.352150,320.055847,16,1808,11,1.007812,0.058594,15,53
LOG:0X55,131,7,27.450102,-81.352142,320.155823,16,1808,11,1.007812,0.058594,15,53
LOG:0X55,132,7,27.450102,-81.352135,320.256012,16,1841,11,1.007812,0.058594,15,53
LOG:0X55,133,7,27.450102,-81.352127,320.355835,16,1841,11,1.007812,0.058594,15,53
LOG:0X55,134,7,27.450102,-81.352127,320.455841,16,1881,11,1.007812,0.058594,15,53
LOG:0X55,135,7,27.450102,-81.352104,320.555817,17,1881,11,1.007812,0.058594,15,53
LOG:0X55,136,7,27.450098,-81.352097,320.655823,17,1924,5,1.007812,0.058594,15,53
LOG:0X55,137,7,27.450098,-81.352089,320.755829,18,1924,5,1.007812,0.058594,15,53
LOG:0X55,138,7,27.450098,-81.352089,320.855835,18,1988,5,1.007812,0.058594,15,53
LOG:0X55,139,7,27.450098,-81.352081,320.955841,18,1988,5,1.007812,0.058594,15,53
LOG:0X55,140,7,27.450098,-81.352074,321.055847,18,1999,5,1.007812,0.058594,15,53
LOG:0X55,141,7,27.450098,-81.352058,321.155853,18,1999,5,1.007812,0.058594,15,53
LOG:0X55,142,7,27.450098,-81.352058,321.255829,18,2018,5,1.007812,0.058594,15,53
LOG:0X55,143,7,27.450098,-81.352051,321.355835,18,2018,5,1.007812,0.058594,15,53
LOG:0X55,144,7,27.450094,-81.352043,321.455811,18,2048,5,1.007812,0.058594,15,53
LOG:0X55,145,7,27.450094,-81.352036,321.555847,18,2048,5,1.007812,0.058594,15,53
LOG:0X55,146,7,27.450094,-81.352028,321.655823,18,2047,5,1.007812,0.058594,15,53
LOG:0X55,147,7,27.450094,-81.352020,321.755829,19,2047,5,1.007812,0.058594,15,53
LOG:0X55,148,7,27.450094,-81.352013,321.855865,19,2072,5,1.007812,0.058594,15,53
LOG:0X55,149,7,27.450094,-81.351997,321.955841,19,2072,5,1.007812,0.058594,15,53
LOG:0X55,150,7,27.450094,-81.351982,322.055847,19,2076,5,1.007812,0.058594,15,53
LOG:0X55,151,7,27.450094,-81.351974,322.155823,19,2076,5,1.007812,0.058594,15,53
LOG:0X55,152,7,27.450094,-81.351967,322.255829,19,2095,5,1.007812,0.058594,15,53
LOG:0X55,153,7,27.450094,-81.351959,322.355835,19,2095,5,1.007812,0.058594,15,53
LOG:0X55,154,7,27.450094,-81.351952,322.455841,19,2105,5,1.007812,0.058594,15,53
LOG:0X55,155,7,27.450098,-81.351944,322.555817,19,2105,5,1.007812,0.058594,15,53
LOG:0X55,156,7,27.450098,-81.351929,322.655853,19,2125,5,1.007812,0.058594,15,53
LOG:0X55,157,7,27.450094,-81.351921,322.755829,19,2125,5,1.007812,0.058594,15,53
LOG:0X55,158,7,27.450094,-81.351913,322.855835,19,2125,5,1.007812,0.058594,15,53
LOG:0X55,159,7,27.450098,-81.351906,322.955841,19,2125,5,1.007812,0.058594,15,53
LOG:0X55,160,7,27.450098,-81.351898,323.055817,19,2139,5,1.007812,0.058594,15,53
LOG:0X55,161,7,27.450098,-81.351891,323.155853,19,2139,5,1.007812,0.058594,15,53
LOG:0X55,162,7,27.450098,-81.351875,323.255829,19,2138,5,1.007812,0.058594,15,53
LOG:0X55,163,7,27.450098,-81.351860,323.355835,19,2138,5,1.007812,0.058594,15,53
LOG:0X55,164,7,27.450094,-81.351852,323.455841,19,2168,5,1.007812,0.058594,15,53
LOG:0X55,165,7,27.450094,-81.351845,323.555847,20,2168,5,1.007812,0.058594,15,53
LOG:0X55,166,7,27.450094,-81.351830,323.655823,20,2168,5,1.007812,0.058594,15,53
LOG:0X55,167,7,27.450094,-81.351822,323.755829,20,2168,5,1.007812,0.058594,15,53
LOG:0X55,168,7,27.450094,-81.351814,323.855835,20,2162,5,1.007812,0.058594,15,53
LOG:0X55,169,7,27.450094,-81.351807,323.955841,20,2162,5,1.007812,0.058594,15,53
LOG:0X55,170,7,27.450094,-81.351791,324.055847,20,2186,5,1.007812,0.058594,15,53
LOG:0X55,171,7,27.450098,-81.351784,324.155823,20,2186,5,1.007812,0.058594,15,53
LOG:0X55,172,7,27.450098,-81.351776,324.255859,20,2189,5,1.007812,0.058594,15,53
LOG:0X55,173,7,27.450098,-81.351768,324.355835,20,2189,5,1.007812,0.058594,15,53
LOG:0X55,174,7,27.450098,-81.351761,324.455841,20,2215,5,1.007812,0.058594,15,53
LOG:0X55,175,7,27.450102,-81.351738,324.555817,20,2215,5,1.007812,0.058594,15,53
LOG:0X55,176,7,27.450102,-81.351730,324.655823,20,2217,5,1.007812,0.058594,15,53
LOG:0X55,177,7,27.450102,-81.351723,324.755829,20,2217,5,1.007812,0.058594,15,53
LOG:0X55,178,7,27.450102,-81.351715,324.855835,20,2218,5,1.007812,0.058594,15,53
LOG:0X55,179,7,27.450102,-81.351707,324.955841,20,2218,5,1.007812,0.058594,15,53
LOG:0X55,180,7,27.450106,-81.351692,325.055847,20,2232,6,1.007812,0.058594,15,53
LOG:0X55,181,7,27.450106,-81.351685,325.155853,20,2232,6,1.007812,0.058594,15,53
LOG:0X55,182,7,27.450106,-81.351677,325.255829,20,2234,7,1.007812,0.058594,15,53
LOG:0X55,183,7,27.450109,-81.351669,325.355835,20,2234,7,1.007812,0.058594,15,53
LOG:0X55,184,7,27.450109,-81.351662,325.455811,20,2260,8,1.007812,0.058594,15,53
LOG:0X55,185,7,27.450109,-81.351654,325.555847,20,2260,8,1.007812,0.058594,15,53
LOG:0X55,186,7,27.450109,-81.351646,325.655823,20,2282,9,1.007812,0.058594,15,53
LOG:0X55,187,7,27.450113,-81.351631,325.755829,21,2282,9,1.007812,0.058594,15,53
LOG:0X55,188,7,27.450113,-81.351616,325.855835,21,2303,9,1.007812,0.058594,15,53
LOG:0X55,189,7,27.450117,-81.351608,325.955841,21,2303,9,1.007812,0.058594,15,53
LOG:0X55,190,7,27.450117,-81.351601,326.055847,21,2320,9,1.007812,0.058594,15,53
LOG:0X55,191,7,27.450117,-81.351593,326.155823,21,2320,9,1.007812,0.058594,15,53
LOG:0X55,192,7,27.450117,-81.351585,326.255829,21,2352,9,1.007812,0.058594,15,53
LOG:0X55,193,7,27.450123,-81.351570,326.355835,21,2352,9,1.007812,0.058594,15,53
LOG:0X55,194,7,27.450123,-81.351562,326.455841,21,2366,9,1.007812,0.058594,15,53
LOG:0X55,195,7,27.450127,-81.351555,326.555817,22,2366,9,1.007812,0.058594,15,53
LOG:0X55,196,7,27.450127,-81.351547,326.655853,22,2406,9,1.007812,0.058594,15,53
LOG:0X55,197,7,27.450130,-81.351532,326.755829,22,2406,9,1.007812,0.058594,15,53
LOG:0X55,198,7,27.450130,-81.351524,326.855835,22,2398,9,1.007812,0.058594,15,53
LOG:0X55,199,7,27.450130,-81.351517,326.955841,22,2398,9,1.007812,0.058594,15,53
LOG:0X55,200,7,27.450130,-81.351509,327.055817,22,2429,9,1.007812,0.058594,15,53
LOG:0X55,201,7,27.450134,-81.351486,327.155853,22,2429,9,1.007812,0.058594,15,53
LOG:0X55,202,7,27.450134,-81.351479,327.255829,22,2436,9,1.007812,0.058594,15,53
LOG:0X55,203,7,27.450134,-81.351471,327.355835,22,2436,9,1.007812,0.058594,15,53
LOG:0X55,204,7,27.450138,-81.351456,327.455841,22,2481,9,1.007812,0.058594,15,53
LOG:0X55,205,7,27.450138,-81.351448,327.555847,22,2481,9,1.007812,0.058594,15,53
LOG:0X55,206,7,27.450138,-81.351440,327.655823,23,2487,8,1.007812,0.058594,15,53
LOG:0X55,207,7,27.450138,-81.351425,327.755829,23,2487,8,1.007812,0.058594,15,53
LOG:0X55,208,7,27.450138,-81.351418,327.855835,23,2502,5,1.007812,0.058594,15,53
LOG:0X55,209,7,27.450142,-81.351410,327.955841,23,2502,5,1.007812,0.058594,15,53
LOG:0X55,210,7,27.450142,-81.351395,328.055847,23,2510,5,1.007812,0.058594,15,53
LOG:0X55,211,7,27.450142,-81.351387,328.155823,23,2510,5,1.007812,0.058594,15,53
LOG:0X55,212,7,27.450142,-81.351372,328.255859,23,2508,5,1.007812,0.058594,15,53
LOG:0X55,213,7,27.450142,-81.351364,328.355835,22,2508,5,1.007812,0.058594,15,53
LOG:0X55,214,7,27.450142,-81.351349,328.455841,23,2496,5,1.007812,0.058594,15,53
LOG:0X55,215,7,27.450142,-81.351341,328.555817,23,2496,5,1.007812,0.058594,15,53
LOG:0X55,216,7,27.450142,-81.351334,328.655823,23,2494,5,1.007812,0.058594,15,53
LOG:0X55,217,7,27.450142,-81.351318,328.755829,23,2494,5,1.007812,0.058594,15,53
LOG:0X55,218,7,27.450142,-81.351311,328.855835,23,2477,5,1.007812,0.058594,15,53
LOG:0X55,219,7,27.450142,-81.351303,328.955841,23,2477,5,1.007812,0.058594,15,53
LOG:0X55,220,7,27.450142,-81.351288,329.055847,23,2492,5,1.007812,0.058594,15,53
LOG:0X55,221,7,27.450142,-81.351280,329.155853,23,2492,5,1.007812,0.058594,15,53
LOG:0X55,222,7,27.450138,-81.351273,329.255829,22,2495,5,1.007812,0.058594,15,53
LOG:0X55,223,7,27.450138,-81.351250,329.355835,23,2495,5,1.007812,0.058594,15,53
LOG:0X55,224,7,27.450138,-81.351242,329.455811,22,2502,5,1.007812,0.058594,15,53
LOG:0X55,225,7,27.450138,-81.351234,329.555847,23,2502,5,1.007812,0.058594,15,53
LOG:0X55,226,7,27.450138,-81.351219,329.655823,23,2474,5,1.007812,0.058594,15,53
LOG:0X55,227,7,27.450138,-81.351212,329.755829,23,2474,5,1.007812,0.058594,15,53
LOG:0X55,228,7,27.450138,-81.351204,329.855957,22,2463,5,1.007812,0.058594,15,53
LOG:0X55,229,7,27.450138,-81.351189,329.955841,22,2463,5,1.007812,0.058594,15,53
LOG:0X55,230,7,27.450138,-81.351181,330.055847,22,2450,5,1.007812,0.058594,15,53
LOG:0X55,231,7,27.450138,-81.351173,330.155823,22,2450,5,1.007812,0.058594,15,53
LOG:0X55,232,7,27.450138,-81.351166,330.255829,22,2476,5,1.007812,0.058594,15,53
LOG:0X55,233,7,27.450138,-81.351151,330.355835,22,2476,5,1.007812,0.058594,15,53
LOG:0X55,234,7,27.450138,-81.351151,330.455841,22,2350,0,1.007812,0.058594,15,53
LOG:0X55,235,7,27.450138,-81.351128,330.555817,23,2350,0,1.007812,0.058594,15,53
LOG:0X55,236,7,27.450138,-81.351112,330.655853,23,2445,0,1.007812,0.058594,15,53
LOG:0X55,237,7,27.450138,-81.351105,330.755829,22,2445,0,1.007812,0.058594,15,53
LOG:0X55,238,7,27.450138,-81.351097,330.855835,22,2374,0,1.007812,0.058594,15,53
LOG:0X55,239,7,27.450138,-81.351097,330.955841,22,2374,0,1.007812,0.058594,15,53
LOG:0X55,240,7,27.450138,-81.351089,331.055817,22,2135,0,1.007812,0.058594,15,53
LOG:0X55,241,7,27.450138,-81.351082,331.155853,22,2135,0,1.007812,0.058594,15,53
LOG:0X55,242,7,27.450138,-81.351067,331.255829,22,1851,0,1.007812,0.058594,15,53
LOG:0X55,243,7,27.450138,-81.351051,331.355835,21,1851,0,1.007812,0.058594,15,53
LOG:0X55,244,7,27.450138,-81.351051,331.455841,21,1576,0,1.007812,0.058594,15,53
LOG:0X55,245,7,27.450138,-81.351044,331.555847,21,1576,0,1.007812,0.058594,15,53
LOG:0X55,246,7,27.450138,-81.351028,331.655823,21,1446,0,1.007812,0.058594,15,53
LOG:0X55,247,7,27.450138,-81.351021,331.755829,21,1446,0,1.007812,0.058594,15,53
LOG:0X55,248,7,27.450138,-81.351006,331.855835,21,1351,0,1.007812,0.058594,15,53
LOG:0X55,249,7,27.450138,-81.350998,331.955841,20,1351,0,1.007812,0.058594,15,53
LOG:0X55,250,7,27.450138,-81.350990,332.055847,20,1302,0,1.007812,0.058594,15,53
LOG:0X55,251,7,27.450138,-81.350983,332.155823,20,1302,0,1.007812,0.058594,15,53
LOG:0X55,252,7,27.450138,-81.350975,332.255859,19,1316,0,1.007812,0.058594,15,53
LOG:0X55,253,7,27.450138,-81.350967,332.355835,19,1316,0,1.007812,0.058594,15,53
LOG:0X55,254,7,27.450138,-81.350960,332.455841,19,1387,0,1.007812,0.058594,15,53
LOG:0X55,255,7,27.450138,-81.350952,332.555817,18,1387,0,1.007812,0.058594,15,53
LOG:0X55,256,7,27.450138,-81.350945,332.655823,18,1384,0,1.007812,0.058594,15,53
LOG:0X55,257,7,27.450138,-81.350937,332.755829,18,1384,0,1.007812,0.058594,15,53
LOG:0X55,258,7,27.450138,-81.350929,332.855835,18,1331,0,1.007812,0.058594,15,53
LOG:0X55,259,7,27.450138,-81.350922,332.955841,17,1331,0,1.007812,0.058594,15,53
LOG:0X55,260,7,27.450138,-81.350914,333.055847,17,1277,0,1.007812,0.058594,15,53
LOG:0X55,261,7,27.450138,-81.350906,333.155853,17,1277,0,1.007812,0.058594,15,53
LOG:0X55,262,7,27.450138,-81.350899,333.255829,17,1255,0,1.007812,0.058594,15,53
LOG:0X55,263,7,27.450138,-81.350883,333.355835,16,1255,0,1.007812,0.058594,15,53
LOG:0X55,264,7,27.450138,-81.350883,333.455811,16,1255,0,1.007812,0.058594,15,53
LOG:0X55,265,7,27.450138,-81.350876,333.555847,15,1255,0,1.007812,0.058594,15,53
LOG:0X55,266,7,27.450138,-81.350868,333.655823,15,1255,0,1.007812,0.058594,15,53
LOG:0X55,267,7,27.450138,-81.350861,333.755829,15,1255,0,1.007812,0.058594,15,53
LOG:0X55,268,7,27.450138,-81.350853,333.855865,15,1255,0,1.007812,0.058594,15,53
LOG:0X55,269,7,27.450138,-81.350845,333.955841,14,1255,0,1.007812,0.058594,15,53
LOG:0X55,270,7,27.450138,-81.350838,334.055847,14,1255,0,1.007812,0.058594,15,53
LOG:0X55,271,7,27.450138,-81.350838,334.155823,14,1255,0,1.007812,0.058594,15,53
LOG:0X55,272,7,27.450142,-81.350830,334.255829,13,1255,0,1.007812,0.058594,15,53
LOG:0X55,273,7,27.450142,-81.350822,334.355835,13,1255,0,1.007812,0.058594,15,53
LOG:0X55,274,7,27.450142,-81.350815,334.455841,13,1255,0,1.007812,0.058594,15,53
LOG:0X55,275,7,27.450142,-81.350815,334.555817,13,1255,0,1.007812,0.058594,15,53
LOG:0X55,276,7,27.450142,-81.350807,334.655853,13,1255,0,1.007812,0.058594,15,53
LOG:0X55,277,7,27.450142,-81.350800,334.755829,13,1255,0,1.007812,0.058594,15,53
LOG:0X55,278,7,27.450142,-81.350792,334.855835,12,1255,0,1.007812,0.058594,15,53
LOG:0X55,279,7,27.450142,-81.350792,334.955841,12,1255,0,1.007812,0.058594,15,54
LOG:0X55,280,7,27.450142,-81.350784,335.055817,12,1255,0,1.007812,0.058594,15,54
LOG:0X55,281,7,27.450138,-81.350777,335.155853,11,1255,0,1.007812,0.058594,15,54
LOG:0X55,282,7,27.450138,-81.350777,335.255829,11,1255,0,1.007812,0.058594,15,54
LOG:0X55,283,7,27.450138,-81.350761,335.355835,11,1255,0,1.007812,0.058594,15,54
LOG:0X55,284,7,27.450138,-81.350754,335.455841,10,1255,0,1.007812,0.058594,15,54
LOG:0X55,285,7,27.450138,-81.350746,335.555847,11,1255,0,1.007812,0.058594,15,54
LOG:0X55,286,7,27.450138,-81.350746,335.655823,11,1255,0,1.007812,0.058594,15,54
LOG:0X55,287,7,27.450142,-81.350739,335.755829,10,1255,0,1.007812,0.058594,15,54
LOG:0X55,288,7,27.450142,-81.350731,335.855835,10,1255,0,1.007812,0.058594,15,54
LOG:0X55,289,7,27.450142,-81.350731,335.955841,10,1255,0,1.007812,0.058594,15,54
LOG:0X55,290,7,27.450142,-81.350723,336.055847,10,1255,0,1.007812,0.058594,15,54
LOG:0X55,291,7,27.450142,-81.350716,336.155823,10,1255,0,1.007812,0.058594,15,54
LOG:0X55,292,7,27.450142,-81.350716,336.255859,9,1255,0,1.007812,0.058594,15,54
LOG:0X55,293,7,27.450142,-81.350708,336.355835,9,1255,0,1.007812,0.058594,15,54
LOG:0X55,294,7,27.450142,-81.350708,336.455841,9,1255,0,1.007812,0.058594,15,54
LOG:0X55,295,7,27.450146,-81.350700,336.555817,9,1255,0,1.007812,0.058594,15,54
LOG:0X55,296,7,27.450146,-81.350700,336.655823,9,1255,0,1.007812,0.058594,15,54
LOG:0X55,297,7,27.450146,-81.350693,336.755829,9,1255,0,1.007812,0.058594,15,54
LOG:0X55,298,7,27.450146,-81.350693,336.855835,8,1255,0,1.007812,0.058594,15,54
LOG:0X55,299,7,27.450146,-81.350685,336.955841,8,1255,0,1.007812,0.058594,15,54
LOG:0X55,300,7,27.450146,-81.350685,337.055847,8,1255,0,1.007812,0.058594,15,54
LOG:0X55,301,7,27.450146,-81.350677,337.155853,8,1255,0,1.007812,0.058594,15,54
LOG:0X55,302,7,27.450146,-81.350677,337.255829,7,1255,0,1.007812,0.058594,15,54
LOG:0X55,303,7,27.450146,-81.350677,337.355835,7,1255,0,1.007812,0.058594,15,54
LOG:0X55,304,7,27.450146,-81.350670,337.455811,7,1255,0,1.007812,0.058594,15,54
LOG:0X55,305,7,27.450146,-81.350670,337.555847,7,1255,0,1.007812,0.058594,15,54
LOG:0X55,306,7,27.450146,-81.350662,337.655823,6,1255,0,1.007812,0.058594,15,54
LOG:0X55,307,7,27.450146,-81.350662,337.755829,6,1255,0,1.007812,0.058594,15,54
LOG:0X55,308,7,27.450146,-81.350662,337.855865,6,1255,0,1.007812,0.058594,15,54
LOG:0X55,309,7,27.450146,-81.350655,337.955841,5,1255,0,1.007812,0.058594,15,54
LOG:0X55,310,7,27.450146,-81.350655,338.055847,5,1255,0,1.007812,0.058594,15,54
LOG:0X55,311,7,27.450146,-81.350655,338.155823,4,1255,0,1.007812,0.058594,15,54
LOG:0X55,312,7,27.450146,-81.350655,338.255829,4,1255,0,1.007812,0.058594,15,54
LOG:0X55,313,7,27.450146,-81.350639,338.355835,4,1255,0,1.007812,0.058594,15,54
LOG:0X55,314,7,27.450146,-81.350639,338.455841,3,1255,0,1.007812,0.058594,15,54
LOG:0X55,315,7,27.450146,-81.350639,338.555817,3,1255,0,1.007812,0.058594,15,54
LOG:0X55,316,7,27.450146,-81.350639,338.655853,3,1255,0,1.007812,0.058594,15,54
LOG:0X55,317,7,27.450146,-81.350639,338.755829,0,1255,0,1.007812,0.058594,15,54
LOG:0X55,318,7,27.450146,-81.350639,338.855835,0,1255,0,1.007812,0.058594,15,54
LOG:0X55,319,7,27.450146,-81.350639,338.955841,0,1255,0,1.007812,0.058594,15,54
LOG:0X55,320,7,27.450146,-81.350639,339.055817,0,1255,0,1.007812,0.058594,15,54
LOG:0X55,321,7,27.450146,-81.350639,339.155853,0,1255,0,1.007812,0.058594,15,54
LOG:0X55,322,7,27.450146,-81.350639,339.255829,0,1255,0,1.007812,0.058594,15,54
LOG:0X55,323,7,27.450146,-81.350639,339.355835,0,1255,0,1.007812,0.058594,15,54
LOG:0X55,324,7,27.450146,-81.350639,339.455994,0,1255,0,1.007812,0.058594,15,54
LOG:0X55,325,7,27.450146,-81.350639,339.555847,0,1255,0,1.007812,0.058594,15,54
LOG:0X55,326,7,27.450146,-81.350639,339.655823,0,1255,0,1.007812,0.058594,15,54
LOG:0X55,327,7,27.450146,-81.350639,339.755829,0,1255,0,1.007812,0.058594,15,54
LOG:0X55,328,7,27.450146,-81.350639,339.855835,0,1255,0,1.007812,0.058594,15,54
LOG:0X55,329,7,27.450146,-81.350639,339.955841,0,1255,0,1.007812,0.058594,15,54
LOG:0X55,330,7,27.450146,-81.350639,340.055847,0,1255,0,1.007812,0.058594,15,54
LOG:0X55,331,7,27.450146,-81.350639,340.155823,0,1255,0,1.007812,0.058594,15,54
LOG:0X55,332,7,27.450146,-81.350639,340.255859,0,1255,0,1.007812,0.058594,15,54
LOG:0X55,333,7,27.450146,-81.350639,340.355835,0,1255,0,1.007812,0.058594,15,54
LOG:0X55,334,7,27.450146,-81.350639,340.455841,0,1255,0,1.007812,0.058594,15,54
LOG:0X55,335,7,27.450146,-81.350639,340.555817,0,1255,0,1.007812,0.058594,15,54
LOG:0X55,336,7,27.450146,-81.350639,340.655823,0,1255,0,1.007812,0.058594,15,54
LOG:0X55,337,7,27.450146,-81.350639,340.755829,0,1255,0,1.007812,0.058594,15,54
LOG:0X55,338,7,27.450146,-81.350639,340.855835,0,1255,0,1.007812,0.058594,15,54
LOG:0X55,339,7,27.450146,-81.350639,340.955841,0,1255,0,1.007812,0.058594,15,54
LOG:0X55,340,7,27.450146,-81.350639,341.056183,0,1255,0,1.007812,0.058594,15,54
LOG:0X55,341,7,27.450146,-81.350639,341.155853,0,1255,0,1.007812,0.058594,15,54
LOG:0X55,342,7,27.450146,-81.350639,341.255829,0,1255,0,1.007812,0.058594,15,54
LOG:0X55,343,7,27.450146,-81.350639,341.355835,0,1255,0,1.007812,0.058594,15,54
LOG:0X55,344,7,27.450146,-81.350639,341.455811,0,1255,0,1.007812,0.058594,15,54
LOG:0X55,345,7,27.450146,-81.350639,341.555847,0,1255,0,1.007812,0.058594,15,54
LOG:0X55,346,7,27.450146,-81.350639,341.655823,0,1255,0,1.007812,0.058594,15,54
LOG:0X55,347,7,27.450146,-81.350639,341.755829,0,1255,0,1.007812,0.058594,15,54
LOG:0X55,348,7,27.450146,-81.350639,341.855865,0,1255,0,1.007812,0.058594,15,54
LOG:0X55,349,7,27.450146,-81.350639,341.955841,0,1255,0,1.007812,0.058594,15,54
LOG:0X55,350,7,27.450146,-81.350639,342.055847,0,1255,0,1.007812,0.058594,15,54
LOG:0X55,351,7,27.450146,-81.350639,342.155823,0,1255,0,1.007812,0.058594,15,54
LOG:0X55,352,7,27.450146,-81.350639,342.255829,0,1255,0,1.007812,0.058594,15,54
LOG:0X55,353,7,27.450146,-81.350639,342.355835,0,1255,0,1.007812,0.058594,15,54
LOG:0X55,354,7,27.450146,-81.350639,342.455841,0,1255,0,1.007812,0.058594,15,54
LOG:0X55,355,7,27.450146,-81.350639,342.555817,0,1255,0,1.007812,0.058594,15,54
LOG:0X55,356,7,27.450146,-81.350639,342.655853,0,1255,0,1.007812,0.058594,15,54
LOG:0X55,357,7,27.450146,-81.350639,342.755829,0,1255,0,1.007812,0.058594,15,54
LOG:0X55,358,7,27.450146,-81.350639,342.855835,0,1255,0,1.007812,0.058594,15,54
LOG:0X55,359,7,27.450146,-81.350639,342.955841,0,1255,0,1.007812,0.058594,15,54
LOG:0X55,360,7,27.450146,-81.350639,343.055817,0,1255,0,1.007812,0.058594,15,54
LOG:0X55,361,7,27.450146,-81.350639,343.155853,0,1255,0,1.007812,0.058594,15,54
LOG:0X55,362,7,27.450146,-81.350639,343.255829,0,1255,0,1.007812,0.058594,15,54
LOG:0X55,363,7,27.450146,-81.350639,343.355835,0,1255,0,1.007812,0.058594,15,54
LOG:0X55,364,7,27.450146,-81.350639,343.455841,0,1255,0,1.007812,0.058594,15,54
LOG:0X55,365,7,27.450146,-81.350639,343.555847,0,1255,0,1.007812,0.058594,15,54
LOG:0X55,366,7,27.450146,-81.350639,343.655823,0,1255,0,1.007812,0.058594,15,54
LOG:0X55,367,7,27.450146,-81.350639,343.755829,0,1255,0,1.007812,0.058594,15,54
LOG:0X55,368,7,27.450146,-81.350639,343.855835,0,1255,0,1.007812,0.058594,15,54
LOG:0X55,369,7,27.450146,-81.350639,343.955841,0,1255,0,1.007812,0.058594,15,54
LOG:0X55,370,7,27.450146,-81.350639,344.055847,0,1255,0,1.007812,0.058594,15,54
LOG:0X55,371,7,27.450146,-81.350639,344.155823,0,1255,0,1.007812,0.058594,15,54
LOG:0X55,372,7,27.450146,-81.350639,344.255859,0,1255,0,1.007812,0.058594,15,54
LOG:0X55,373,7,27.450146,-81.350639,344.355835,0,1255,0,1.007812,0.058594,15,54
LOG:0X55,374,7,27.450146,-81.350639,344.455841,0,1255,0,1.007812,0.058594,15,54
LOG:0X55,375,7,27.450146,-81.350639,344.555817,0,1255,0,1.007812,0.058594,15,54
LOG:0X55,376,7,27.450146,-81.350639,344.655823,0,1255,0,1.007812,0.058594,15,54
LOG:0X55,377,7,27.450146,-81.350639,344.755829,0,1255,0,1.007812,0.058594,15,54
LOG:0X55,378,7,27.450146,-81.350639,344.855835,0,1255,0,1.007812,0.058594,15,54
LOG:0X55,379,7,27.450146,-81.350639,344.955841,0,1255,0,1.007812,0.058594,15,54
LOG:0X55,380,7,27.450146,-81.350639,345.055847,0,1255,0,1.007812,0.058594,15,54
LOG:0X55,381,7,27.450146,-81.350639,345.155853,0,1255,0,1.007812,0.058594,15,54
LOG:0X55,382,7,27.450146,-81.350639,345.255829,0,1255,0,1.007812,0.058594,15,54
LOG:0X55,383,7,27.450146,-81.350639,345.355835,0,1255,0,1.007812,0.058594,15,54
LOG:0X55,384,7,27.450146,-81.350639,345.455811,0,1255,0,1.007812,0.058594,15,54
LOG:0X55,385,7,27.450146,-81.350639,345.555847,0,1255,0,1.007812,0.058594,15,54
LOG:0X55,386,7,27.450146,-81.350639,345.655823,0,1255,0,1.007812,0.058594,15,54
LOG:0X55,387,7,27.450146,-81.350639,345.755829,0,1255,0,1.007812,0.058594,15,54
LOG:0X55,388,7,27.450146,-81.350639,345.855865,0,1255,0,1.007812,0.058594,15,54
LOG:0X55,389,7,27.450146,-81.350639,345.955841,0,1255,0,1.007812,0.058594,15,54
LOG:0X55,390,7,27.450146,-81.350639,346.055847,0,1255,0,1.007812,0.058594,15,54
LOG:0X55,391,7,27.450146,-81.350639,346.155823,0,1255,0,1.007812,0.058594,15,54
LOG:0X55,392,7,27.450146,-81.350639,346.255829,0,1255,0,1.007812,0.058594,15,54
LOG:0X55,393,7,27.450146,-81.350639,346.355835,0,1255,0,1.007812,0.058594,15,54
LOG:0X55,394,7,27.450146,-81.350639,346.455841,0,1255,0,1.007812,0.058594,15,54
LOG:0X55,395,7,27.450146,-81.350639,346.555817,0,1255,0,1.007812,0.058594,15,54
LOG:0X55,396,7,27.450146,-81.350639,346.655853,0,1255,0,1.007812,0.058594,15,54
LOG:0X55,397,7,27.450146,-81.350639,346.755829,0,1255,0,1.007812,0.058594,15,54
LOG:0X55,398,7,27.450146,-81.350639,346.855835,0,1255,0,1.007812,0.058594,15,54
LOG:0X55,399,7,27.450146,-81.350639,346.955841,0,1255,0,1.007812,0.058594,15,54
LOG:0X55,400,7,27.450146,-81.350639,347.055817,0,1255,0,1.007812,0.058594,15,54
LOG:0X55,401,7,27.450146,-81.350639,347.155853,0,1255,0,1.007812,0.058594,15,54
LOG:0X55,402,7,27.450146,-81.350639,347.255829,0,1255,0,1.007812,0.058594,15,54
LOG:0X55,403,7,27.450146,-81.350639,347.355835,0,1255,0,1.007812,0.058594,15,54
LOG:0X55,404,7,27.450146,-81.350639,347.455841,0,1255,0,1.007812,0.058594,15,54
LOG:0X55,405,7,27.450146,-81.350639,347.555847,0,1255,0,1.007812,0.058594,15,54
LOG:0X55,406,7,27.450146,-81.350639,347.655823,0,1255,0,1.007812,0.058594,15,54
LOG:0X55,407,7,27.450146,-81.350639,347.755829,0,1255,0,1.007812,0.058594,15,54
LOG:0X55,408,7,27.450146,-81.350639,347.855835,0,1255,0,1.007812,0.058594,15,54
LOG:0X55,409,7,27.450146,-81.350639,347.955841,0,1255,0,1.007812,0.058594,15,54
LOG:0X55,410,7,27.450146,-81.350639,348.055847,0,1255,0,1.007812,0.058594,15,54
LOG:0X55,411,7,27.450146,-81.350639,348.155823,0,1255,0,1.007812,0.058594,15,54
LOG:0X55,412,7,27.450146,-81.350639,348.255859,0,1255,0,1.007812,0.058594,15,54
LOG:0X55,413,7,27.450146,-81.350639,348.355835,0,1255,0,1.007812,0.058594,15,54
LOG:0X55,414,7,27.450146,-81.350639,348.455841,0,1255,0,1.007812,0.058594,15,54
LOG:0X55,415,7,27.450146,-81.350639,348.555817,0,1255,0,1.007812,0.058594,15,54
LOG:0X55,416,7,27.450146,-81.350639,348.655823,0,1255,0,1.007812,0.058594,15,54
LOG:0X55,417,7,27.450146,-81.350639,348.755829,0,1255,0,1.007812,0.058594,15,54
LOG:0X55,418,7,27.450146,-81.350639,348.855835,0,1255,0,1.007812,0.058594,15,54
LOG:0X55,419,7,27.450146,-81.350639,348.955841,0,1255,0,1.007812,0.058594,15,54
LOG:0X55,420,7,27.450146,-81.350639,349.055847,0,1255,0,1.007812,0.058594,15,54
LOG:0X55,421,7,27.450146,-81.350639,349.155853,0,1255,0,1.007812,0.058594,15,54
LOG:0X55,422,7,27.450146,-81.350639,349.255829,0,1255,0,1.007812,0.058594,15,54
LOG:0X55,423,7,27.450146,-81.350639,349.355835,0,1255,0,1.007812,0.058594,15,54
LOG:0X55,424,7,27.450146,-81.350639,349.455811,0,1255,0,1.007812,0.058594,15,54
LOG:0X55,425,7,27.450146,-81.350639,349.555847,0,1255,0,1.007812,0.058594,15,54
LOG:0X55,426,7,27.450146,-81.350639,349.655823,0,1255,0,1.007812,0.058594,15,54
LOG:0X55,427,7,27.450146,-81.350639,349.755829,0,1255,0,1.007812,0.058594,15,54
LOG:0X55,428,7,27.450146,-81.350639,349.855865,0,1255,0,1.007812,0.058594,15,54
LOG:0X55,429,7,27.450146,-81.350639,349.955841,0,1255,0,1.007812,0.058594,15,54
LOG:0X55,430,7,27.450146,-81.350639,350.055847,0,1255,0,1.007812,0.058594,15,54
LOG:0X55,431,7,27.450146,-81.350639,350.155823,0,1255,0,1.007812,0.058594,15,54
LOG:0X55,432,7,27.450146,-81.350639,350.255829,0,1255,0,1.007812,0.058594,15,54
LOG:0X55,433,7,27.450146,-81.350639,350.355835,0,1255,0,1.007812,0.058594,15,54
LOG:0X55,434,7,27.450146,-81.350639,350.455841,0,1255,0,1.007812,0.058594,15,54
LOG:0X55,435,7,27.450146,-81.350639,350.555817,0,1255,0,1.007812,0.058594,15,54
LOG:0X55,436,7,27.450146,-81.350639,350.656189,0,1255,0,1.007812,0.058594,15,54
LOG:0X55,437,7,27.450146,-81.350639,350.755829,0,1255,0,1.007812,0.058594,15,54
LOG:0X55,438,7,27.450146,-81.350639,350.855835,0,1255,0,1.007812,0.058594,15,54
LOG:0X55,439,7,27.450146,-81.350639,350.955841,0,1255,0,1.007812,0.058594,15,54
LOG:0X55,440,7,27.450146,-81.350639,351.055817,0,1255,0,1.007812,0.058594,15,54
LOG:0X55,441,7,27.450146,-81.350639,351.155853,0,1255,0,1.007812,0.058594,15,54
LOG:0X55,442,7,27.450146,-81.350639,351.255829,0,1255,0,1.007812,0.058594,15,54
LOG:0X55,443,7,27.450146,-81.350639,351.355835,0,1255,0,1.007812,0.058594,15,54
LOG:0X55,444,7,27.450146,-81.350639,351.455841,0,1255,0,1.007812,0.058594,15,54
LOG:0X55,445,7,27.450146,-81.350639,351.555847,0,1255,0,1.007812,0.058594,15,54
LOG:0X55,446,7,27.450146,-81.350639,351.655823,0,1255,0,1.007812,0.058594,15,54
LOG:0X55,447,7,27.450146,-81.350639,351.755829,0,1255,0,1.007812,0.058594,15,54
LOG:0X55,448,7,27.450146,-81.350639,351.855835,0,1255,0,1.007812,0.058594,15,54
LOG:0X55,449,7,27.450146,-81.350639,351.955841,0,1255,0,1.007812,0.058594,15,54
LOG:0X55,450,7,27.450146,-81.350639,352.055847,0,1255,0,1.007812,0.058594,15,54
LOG:0X55,451,7,27.450146,-81.350639,352.155823,0,1255,0,1.007812,0.058594,15,54
LOG:0X55,452,7,27.450146,-81.350639,352.255859,0,1255,0,1.007812,0.058594,15,54
LOG:0X55,453,7,27.450146,-81.350639,352.355835,0,1255,0,1.007812,0.058594,15,54
LOG:0X55,454,7,27.450146,-81.350639,352.455841,0,1255,0,1.007812,0.058594,15,54
LOG:0X55,455,7,27.450146,-81.350639,352.555817,0,1255,0,1.007812,0.058594,15,54
LOG:0X55,456,7,27.450146,-81.350639,352.655823,0,1255,0,1.007812,0.058594,15,54
LOG:0X55,457,7,27.450146,-81.350639,352.755859,0,1255,0,1.007812,0.058594,15,54
LOG:0X55,458,7,27.450146,-81.350639,352.855835,0,1255,0,1.007812,0.058594,15,54
LOG:0X55,459,7,27.450146,-81.350639,352.955841,0,1255,0,1.007812,0.058594,15,54
LOG:0X55,460,7,27.450146,-81.350639,353.055847,0,1255,0,1.007812,0.058594,15,54
LOG:0X55,461,7,27.450146,-81.350639,353.155853,0,1255,0,1.007812,0.058594,15,54
LOG:0X55,462,7,27.450146,-81.350639,353.255829,0,1255,0,1.007812,0.058594,15,54
LOG:0X55,463,7,27.450146,-81.350639,353.355835,0,1255,0,1.007812,0.058594,15,54
LOG:0X55,464,7,27.450146,-81.350639,353.455811,0,1255,0,1.007812,0.058594,15,54
LOG:0X55,465,7,27.450146,-81.350639,353.555847,0,1255,0,1.007812,0.058594,15,54
LOG:0X55,466,7,27.450146,-81.350639,353.655823,0,1255,0,1.007812,0.058594,15,54
LOG:0X55,467,7,27.450146,-81.350639,353.755829,0,1255,0,1.007812,0.058594,15,54
LOG:0X55,468,7,27.450146,-81.350639,353.855865,0,1255,0,1.007812,0.058594,15,54
LOG:0X55,469,7,27.450146,-81.350639,353.955841,0,1255,0,1.007812,0.058594,15,54
LOG:0X55,470,7,27.450146,-81.350639,354.055847,0,1255,0,1.007812,0.058594,15,54
LOG:0X55,471,7,27.450146,-81.350639,354.155823,0,1255,0,1.007812,0.058594,15,54
LOG:0X55,472,7,27.450146,-81.350639,354.255829,0,1255,0,1.007812,0.058594,15,54
LOG:0X55,473,7,27.450146,-81.350639,354.355835,0,1255,0,1.007812,0.058594,15,54
LOG:0X55,474,7,27.450146,-81.350639,354.455841,0,1255,0,1.007812,0.058594,15,54
LOG:0X55,475,7,27.450146,-81.350639,354.555817,0,1255,0,1.007812,0.058594,15,54
LOG:0X55,476,7,27.450146,-81.350639,354.655853,0,1255,0,1.007812,0.058594,15,54
LOG:0X55,477,7,27.450146,-81.350639,354.755859,0,1255,0,1.007812,0.058594,15,54
LOG:0X55,478,7,27.450146,-81.350639,354.855835,0,1255,0,1.007812,0.058594,15,54
LOG:0X55,479,7,27.450146,-81.350639,354.955841,0,1255,0,1.007812,0.058594,15,54
LOG:0X55,480,7,27.450146,-81.350639,355.055817,0,1255,0,1.007812,0.058594,15,54
LOG:0X55,481,7,27.450146,-81.350639,355.155853,0,1255,0,1.007812,0.058594,15,54
LOG:0X55,482,7,27.450146,-81.350639,355.255829,0,1255,0,1.007812,0.058594,15,54
LOG:0X55,483,7,27.450146,-81.350639,355.355835,0,1255,0,1.007812,0.058594,15,54
LOG:0X55,484,7,27.450146,-81.350639,355.455841,0,1255,0,1.007812,0.058594,15,54
LOG:0X55,485,7,27.450146,-81.350639,355.555847,0,1255,0,1.007812,0.058594,15,54
LOG:0X55,486,7,27.450146,-81.350639,355.655823,0,1255,0,1.007812,0.058594,15,54
LOG:0X55,487,7,27.450146,-81.350639,355.755829,0,1255,0,1.007812,0.058594,15,54
LOG:0X55,488,7,27.450146,-81.350639,355.855835,0,1255,0,1.007812,0.058594,15,54
LOG:0X55,489,7,27.450146,-81.350639,355.955841,0,1255,0,1.007812,0.058594,15,54
LOG:0X55,490,7,27.450146,-81.350639,356.055847,0,1255,0,1.007812,0.058594,15,54
LOG:0X55,491,7,27.450146,-81.350639,356.155823,0,1255,0,1.007812,0.058594,15,54
LOG:0X55,492,7,27.450146,-81.350639,356.255859,0,1255,0,1.007812,0.058594,15,54
LOG:0X55,493,7,27.450146,-81.350639,356.355835,0,1255,0,1.007812,0.058594,15,54
LOG:0X55,494,7,27.450146,-81.350639,356.455841,0,1255,0,1.007812,0.058594,15,54
LOG:0X55,495,7,27.450146,-81.350639,356.555817,0,1255,0,1.007812,0.058594,15,54
LOG:0X55,496,7,27.450146,-81.350639,356.655823,0,1255,0,1.007812,0.058594,15,54
LOG:0X55,497,7,27.450146,-81.350639,356.755859,0,1255,0,1.007812,0.058594,15,54
LOG:0X55,498,7,27.450146,-81.350639,356.855835,0,1255,0,1.007812,0.058594,15,54
LOG:0X55,499,7,27.450146,-81.350639,356.955841,0,1255,0,1.007812,0.058594,15,54
LOG:0X55,500,7,27.450146,-81.350639,357.055847,0,1255,0,1.007812,0.058594,15,54
LOG:0X55,501,7,27.450146,-81.350639,357.155853,0,1255,0,1.007812,0.058594,15,54
LOG:0X55,502,7,27.450146,-81.350639,357.255829,0,1255,0,1.007812,0.058594,15,54
LOG:0X55,503,7,27.450146,-81.350639,357.355835,0,1255,0,1.007812,0.058594,15,54
LOG:0X55,504,7,27.450146,-81.350639,357.455811,0,1255,0,1.007812,0.058594,15,54
LOG:0X55,505,7,27.450146,-81.350639,357.555847,0,1255,0,1.007812,0.058594,15,54
LOG:0X55,506,7,27.450146,-81.350639,357.655823,0,1255,0,1.007812,0.058594,15,54
LOG:0X55,507,7,27.450146,-81.350639,357.755829,0,1255,0,1.007812,0.058594,15,54
LOG:0X55,508,7,27.450146,-81.350639,357.855865,0,1255,0,1.007812,0.058594,15,54
LOG:0X55,509,7,27.450146,-81.350639,357.955841,0,1255,0,1.007812,0.058594,15,54
LOG:0X55,510,7,27.450146,-81.350639,358.055847,0,1255,0,1.007812,0.058594,15,54
LOG:0X55,511,7,27.450146,-81.350639,358.155823,0,1255,0,1.007812,0.058594,15,54
LOG:0X55,512,7,27.450146,-81.350639,358.255829,0,1255,0,1.007812,0.058594,15,54
LOG:0X55,513,7,27.450146,-81.350639,358.355835,0,1255,0,1.007812,0.058594,15,54
LOG:0X55,514,7,27.450146,-81.350639,358.455841,0,1255,0,1.007812,0.058594,15,54
LOG:0X55,515,7,27.450146,-81.350639,358.555817,0,1255,0,1.007812,0.058594,15,54
LOG:0X55,516,7,27.450146,-81.350639,358.655853,0,1255,0,1.007812,0.058594,15,54
LOG:0X55,517,7,27.450146,-81.350639,358.755859,0,1255,0,1.007812,0.058594,15,54
LOG:0X55,518,7,27.450146,-81.350639,358.855835,0,1255,0,1.007812,0.058594,15,54
LOG:0X55,519,7,27.450146,-81.350639,358.955841,0,1255,0,1.007812,0.058594,15,54
LOG:0X55,520,7,27.450146,-81.350639,359.055817,0,1255,0,1.007812,0.058594,15,54
LOG:0X55,521,7,27.450146,-81.350639,359.155853,0,1255,0,1.007812,0.058594,15,54
LOG:0X55,522,7,27.450146,-81.350639,359.255829,0,1255,0,1.007812,0.058594,15,54
LOG:0X55,523,7,27.450146,-81.350639,359.355835,0,1255,0,1.007812,0.058594,15,54
LOG:0X55,524,7,27.450146,-81.350639,359.455841,0,1255,0,1.007812,0.058594,15,54
LOG:0X55,525,7,27.450146,-81.350639,359.555847,0,1255,0,1.007812,0.058594,15,54
LOG:0X55,526,7,27.450146,-81.350639,359.655823,0,1255,0,1.007812,0.058594,15,54
LOG:0X55,527,7,27.450146,-81.350639,359.755829,0,1255,0,1.007812,0.058594,15,54
LOG:0X55,528,7,27.450146,-81.350639,359.855835,0,1255,0,1.007812,0.058594,15,54
LOG:0X55,529,7,27.450146,-81.350639,359.955841,0,1255,0,1.007812,0.058594,15,54
LOG:0X55,530,7,27.450146,-81.350639,360.055847,0,1255,0,1.007812,0.058594,15,54
LOG:0X55,531,7,27.450146,-81.350639,360.155823,0,1255,0,1.007812,0.058594,15,54
LOG:0X55,532,7,27.450146,-81.350639,360.255859,0,1255,0,1.007812,0.058594,15,54
LOG:0X55,533,7,27.450146,-81.350639,360.355835,0,1255,0,1.007812,0.058594,15,54
LOG:0X55,534,7,27.450146,-81.350639,360.455841,0,1255,0,1.007812,0.058594,15,54
LOG:0X55,535,7,27.450146,-81.350639,360.555817,0,1255,0,1.007812,0.058594,15,54
LOG:0X55,536,7,27.450146,-81.350639,360.655823,0,1255,0,1.007812,0.058594,15,54
LOG:0X55,537,7,27.450146,-81.350639,360.755859,0,1255,0,1.007812,0.058594,15,54
LOG:0X55,538,7,27.450146,-81.350639,360.855835,0,1255,0,1.007812,0.058594,15,54
LOG:0X55,539,7,27.450146,-81.350639,360.955841,0,1255,0,1.007812,0.058594,15,54
LOG:0X55,540,7,27.450146,-81.350639,361.055847,0,1255,0,1.007812,0.058594,15,54
LOG:0X55,541,7,27.450146,-81.350639,361.155853,0,1255,0,1.007812,0.058594,15,54
LOG:0X55,542,7,27.450146,-81.350639,361.255829,0,1255,0,1.007812,0.058594,15,54
LOG:0X55,543,7,27.450146,-81.350639,361.355835,0,1255,0,1.007812,0.058594,15,54
LOG:0X55,544,7,27.450146,-81.350639,361.455811,0,1255,0,1.007812,0.058594,15,54
LOG:0X55,545,7,27.450146,-81.350639,361.555847,0,1255,0,1.007812,0.058594,15,54
LOG:0X55,546,7,27.450146,-81.350639,361.655823,0,1255,0,1.007812,0.058594,15,54
LOG:0X55,547,7,27.450146,-81.350639,361.755829,0,1255,0,1.007812,0.058594,15,54
LOG:0X55,548,7,27.450146,-81.350639,361.855865,0,1255,0,1.007812,0.058594,15,54
LOG:0X55,549,7,27.450146,-81.350639,361.955841,0,1255,0,1.007812,0.058594,15,54
LOG:0X55,550,7,27.450146,-81.350639,362.055847,0,1255,0,1.007812,0.058594,15,54
LOG:0X55,551,7,27.450146,-81.350639,362.155823,0,1255,0,1.007812,0.058594,15,54
LOG:0X55,552,7,27.450146,-81.350639,362.255829,0,1255,0,1.007812,0.058594,15,54
LOG:0X55,553,7,27.450146,-81.350639,362.355835,0,1255,0,1.007812,0.058594,15,54
LOG:0X55,554,7,27.450146,-81.350639,362.455841,0,1255,0,1.007812,0.058594,15,54
LOG:0X55,555,7,27.450146,-81.350639,362.555817,0,1255,0,1.007812,0.058594,15,54
LOG:0X55,556,7,27.450146,-81.350639,362.655853,0,1255,0,1.007812,0.058594,15,54
LOG:0X55,557,7,27.450146,-81.350639,362.755859,0,1255,0,1.007812,0.058594,15,54
LOG:0X55,558,7,27.450146,-81.350639,362.855835,0,1255,0,1.007812,0.058594,15,54
LOG:0X55,559,7,27.450146,-81.350639,362.955841,0,1255,0,1.007812,0.058594,15,55
LOG:0X55,560,7,27.450146,-81.350639,363.055817,0,1255,0,1.007812,0.058594,15,55
LOG:0X55,561,7,27.450146,-81.350639,363.155853,0,1255,0,1.007812,0.058594,15,55
LOG:0X55,562,7,27.450146,-81.350639,363.255829,0,1255,0,1.007812,0.058594,15,55
LOG:0X55,563,7,27.450146,-81.350639,363.355835,0,1255,0,1.007812,0.058594,15,55
LOG:0X55,564,7,27.450146,-81.350639,363.455841,0,1255,0,1.007812,0.058594,15,55
LOG:0X55,565,7,27.450146,-81.350639,363.555847,0,1255,0,1.007812,0.058594,15,55
LOG:0X55,566,7,27.450146,-81.350639,363.655823,0,1255,0,1.007812,0.058594,15,55
LOG:0X55,567,7,27.450146,-81.350639,363.755829,0,1255,0,1.007812,0.058594,15,55
LOG:0X55,568,7,27.450146,-81.350639,363.855835,0,1255,0,1.007812,0.058594,15,55
LOG:0X55,569,7,27.450146,-81.350639,363.955841,0,1255,0,1.007812,0.058594,15,55
LOG:0X55,570,7,27.450146,-81.350639,364.055847,0,1255,0,1.007812,0.058594,15,55
LOG:0X55,571,7,27.450146,-81.350639,364.155823,0,1255,0,1.007812,0.058594,15,55
LOG:0X55,572,7,27.450146,-81.350639,364.255859,0,1255,0,1.007812,0.058594,15,55
LOG:0X55,573,7,27.450146,-81.350639,364.355835,0,1255,0,1.007812,0.058594,15,55
LOG:0X55,574,7,27.450146,-81.350639,364.455841,0,1255,0,1.007812,0.058594,15,55
LOG:0X55,575,7,27.450146,-81.350639,364.555817,0,1255,0,1.007812,0.058594,15,55
LOG:0X55,576,7,27.450146,-81.350639,364.655823,0,1255,0,1.007812,0.058594,15,55
LOG:0X55,577,7,27.450146,-81.350639,364.755859,0,1255,0,1.007812,0.058594,15,55
LOG:0X55,578,7,27.450146,-81.350639,364.855835,0,1255,0,1.007812,0.058594,15,55
LOG:0X55,579,7,27.450146,-81.350639,364.955841,0,1255,0,1.007812,0.058594,15,55
LOG:0X55,580,7,27.450146,-81.350639,365.055847,0,1255,0,1.007812,0.058594,15,55
LOG:0X55,581,7,27.450146,-81.350639,365.155853,0,1255,0,1.007812,0.058594,15,55
LOG:0X55,582,7,27.450146,-81.350639,365.255829,0,1255,0,1.007812,0.058594,15,55
LOG:0X55,583,7,27.450146,-81.350639,365.355835,0,1255,0,1.007812,0.058594,15,55
LOG:0X55,584,7,27.450146,-81.350639,365.455811,0,1255,0,1.007812,0.058594,15,55
LOG:0X55,585,7,27.450146,-81.350639,365.555847,0,1255,0,1.007812,0.058594,15,55
LOG:0X55,586,7,27.450146,-81.350639,365.655823,0,1255,0,1.007812,0.058594,15,55
LOG:0X55,587,7,27.450146,-81.350639,365.755829,0,1255,0,1.007812,0.058594,15,55
LOG:0X55,588,7,27.450146,-81.350639,365.855865,0,1255,0,1.007812,0.058594,15,55
LOG:0X55,589,7,27.450146,-81.350639,365.955841,0,1255,0,1.007812,0.058594,15,55
LOG:0X55,590,7,27.450146,-81.350639,366.055847,0,1255,0,1.007812,0.058594,15,55
LOG:0X55,591,7,27.450146,-81.350639,366.155823,0,1255,0,1.007812,0.058594,15,55
LOG:0X55,592,7,27.450146,-81.350639,366.255829,0,1255,0,1.007812,0.058594,15,55
LOG:0X55,593,7,27.450146,-81.350639,366.355835,0,1255,0,1.007812,0.058594,15,55
LOG:0X55,594,7,27.450146,-81.350639,366.455841,0,1255,0,1.007812,0.058594,15,55
LOG:0X55,595,7,27.450146,-81.350639,366.555817,0,1255,0,1.007812,0.058594,15,55
LOG:0X55,596,7,27.450146,-81.350639,366.655853,0,1255,0,1.007812,0.058594,15,55
LOG:0X55,597,7,27.450146,-81.350639,366.755859,0,1255,0,1.007812,0.058594,15,55
LOG:0X55,598,7,27.450146,-81.350639,366.855835,0,1255,0,1.007812,0.058594,15,55
LOG:0X55,599,7,27.450146,-81.350639,366.955841,0,1255,0,1.007812,0.058594,15,55
LOG:0X55,600,7,27.450146,-81.350639,367.055817,0,1255,0,1.007812,0.058594,15,55
LOG:0X55,601,7,27.450146,-81.350639,367.155853,0,1255,0,1.007812,0.058594,15,55
LOG:0X55,602,7,27.450146,-81.350639,367.255829,0,1255,0,1.007812,0.058594,15,55
LOG:0X55,603,7,27.450146,-81.350639,367.355835,0,1255,0,1.007812,0.058594,15,55
LOG:0X55,604,7,27.450146,-81.350639,367.455841,0,1255,0,1.007812,0.058594,15,55
LOG:0X55,605,7,27.450146,-81.350639,367.555847,0,1255,0,1.007812,0.058594,15,55
LOG:0X55,606,7,27.450146,-81.350639,367.655823,0,1255,0,1.007812,0.058594,15,55
LOG:0X55,607,7,27.450146,-81.350639,367.755829,0,1255,0,1.007812,0.058594,15,55
