Lattitude,Longitude,Misc,Misc,Homestead-Miami Speedway
samplerate,10
25.4537536,-80.4097256,0,0
25.4537536,-80.4097256,0,0
25.4537536,-80.4097256,0,0
25.453745,-80.409745,0,0
25.4537407,-80.4097547,0,0
25.4537233,-80.4097933,0,0
25.4537233,-80.4097933,0,0
25.4537093,-80.4098223,0,0
25.4537,-80.4098416,0,0
25.4536957,-80.4098513,0,0
25.4536783,-80.40989,0,0
25.4536783,-80.40989,0,0
25.4536643,-80.409919,0,0
25.453655,-80.4099383,0,0
25.4536507,-80.4099483,0,0
25.4536333,-80.4099883,0,0
25.4536333,-80.4099883,0,0
25.4536193,-80.4100173,0,0
25.45361,-80.4100366,0,0
25.4536053,-80.4100463,0,0
25.4535866,-80.410085,0,0
25.4535866,-80.410085,0,0
25.4535736,-80.410114,0,0
25.453565,-80.4101333,0,0
25.4535603,-80.4101433,0,0
25.4535416,-80.4101833,0,0
25.4535416,-80.4101833,0,0
25.4535286,-80.4102123,0,0
25.45352,-80.4102316,0,0
25.4535153,-80.4102416,0,0
25.4534966,-80.4102816,0,0
25.4534966,-80.4102816,0,0
25.4534826,-80.4103106,0,0
25.4534733,-80.41033,0,0
25.453469,-80.4103397,0,0
25.4534516,-80.4103783,0,0
25.4534516,-80.4103783,0,0
25.4534376,-80.4104083,0,0
25.4534283,-80.4104283,0,0
25.4534236,-80.410438,0,0
25.453405,-80.4104766,0,0
25.453405,-80.4104766,0,0
25.453392,-80.4105066,START:Turn 1,0
25.4533833,-80.4105266,0,0
25.4533786,-80.4105363,0,0
25.45336,-80.410575,0,0
25.45336,-80.410575,0,0
25.453346,-80.410605,0,0
25.4533366,-80.410625,0,0
25.4533319,-80.4106347,0,0
25.4533133,-80.4106733,0,0
25.4533133,-80.4106733,0,0
25.4532993,-80.4107023,0,0
25.45329,-80.4107216,0,0
25.4532853,-80.4107316,0,0
25.4532666,-80.4107716,0,0
25.4532666,-80.4107716,0,0
25.4532526,-80.4108006,0,0
25.4532433,-80.41082,0,0
25.4532386,-80.4108297,0,0
25.45322,-80.4108683,0,0
25.45322,-80.4108683,0,0
25.453205,-80.4108973,0,0
25.453195,-80.4109166,0,0
25.4531903,-80.4109263,0,0
25.4531716,-80.410965,0,0
25.4531716,-80.410965,0,0
25.4531566,-80.410994,0,0
25.4531466,-80.4110133,0,0
25.4531416,-80.4110226,0,0
25.4531216,-80.41106,0,0
25.4531216,-80.41106,0,0
25.4531066,-80.411088,0,0
25.4530966,-80.4111066,0,0
25.4530913,-80.4111156,0,0
25.45307,-80.4111516,0,0
25.45307,-80.4111516,0,0
25.453054,-80.4111786,0,0
25.4530433,-80.4111966,0,0
25.453038,-80.4112053,0,0
25.4530166,-80.41124,0,0
25.4530166,-80.41124,0,0
25.4530006,-80.411266,0,0
25.45299,-80.4112833,0,0
25.4529847,-80.4112916,0,0
25.4529633,-80.411325,0,0
25.4529633,-80.411325,0,0
25.4529473,-80.411351,0,0
25.4529366,-80.4113683,0,0
25.4529309,-80.4113766,0,0
25.4529083,-80.41141,0,0
25.4529083,-80.41141,0,0
25.4528913,-80.411435,0,0
25.45288,-80.4114516,0,0
25.452874,-80.4114599,0,0
25.45285,-80.4114933,0,0
25.45285,-80.4114933,0,0
25.452833,-80.4115173,0,0
25.4528216,-80.4115333,0,0
25.4528156,-80.4115413,0,0
25.4527916,-80.4115733,0,0
25.4527916,-80.4115733,0,0
25.4527736,-80.4115963,0,0
25.4527616,-80.4116116,0,0
25.4527553,-80.4116193,0,0
25.45273,-80.41165,0,0
25.45273,-80.41165,0,0
25.452711,-80.411672,0,0
25.4526983,-80.4116866,0,0
25.4526916,-80.4116939,0,0
25.452665,-80.4117233,0,0
25.452665,-80.4117233,0,0
25.452646,-80.4117453,0,0
25.4526333,-80.41176,0,0
25.4526263,-80.411767,0,0
25.4525983,-80.411795,0,0
25.4525983,-80.411795,0,0
25.4525783,-80.411816,0,0
25.452565,-80.41183,0,0
25.4525583,-80.4118367,0,0
25.4525316,-80.4118633,0,0
25.4525316,-80.4118633,0,0
25.4525106,-80.4118823,STOP,0
25.4524966,-80.411895,0,0
25.4524896,-80.4119013,0,0
25.4524616,-80.4119266,0,0
25.4524616,-80.4119266,0,0
25.4524396,-80.4119456,0,0
25.452425,-80.4119583,0,0
25.452418,-80.4119643,0,0
25.45239,-80.4119883,0,0
25.45239,-80.4119883,0,0
25.452368,-80.4120063,0,0
25.4523533,-80.4120183,0,0
25.452346,-80.4120243,0,0
25.4523166,-80.4120483,0,0
25.4523166,-80.4120483,0,0
25.4522946,-80.4120653,0,0
25.45228,-80.4120766,0,0
25.4522723,-80.4120823,0,0
25.4522416,-80.412105,0,0
25.4522416,-80.412105,0,0
25.4522196,-80.412122,0,0
25.452205,-80.4121333,0,0
25.4521973,-80.4121386,0,0
25.4521666,-80.41216,0,0
25.4521666,-80.41216,0,0
25.4521446,-80.412176,0,0
25.45213,-80.4121866,0,0
25.4521223,-80.4121919,0,0
25.4520916,-80.4122133,0,0
25.4520916,-80.4122133,0,0
25.4520696,-80.4122283,0,0
25.452055,-80.4122383,0,0
25.4520473,-80.412243,0,0
25.4520166,-80.4122616,0,0
25.4520166,-80.4122616,0,0
25.4519946,-80.4122756,0,0
25.45198,-80.412285,0,0
25.451973,-80.4122897,0,0
25.451945,-80.4123083,0,0
25.451945,-80.4123083,0,0
25.451923,-80.4123213,0,0
25.4519083,-80.41233,0,0
25.4519013,-80.412334,0,0
25.4518733,-80.41235,0,0
25.4518733,-80.41235,0,0
25.4518533,-80.412362,0,0
25.45184,-80.41237,0,0
25.451833,-80.412374,0,0
25.451805,-80.41239,0,0
25.451805,-80.41239,0,0
25.451785,-80.412401,0,0
25.4517716,-80.4124083,SPLIT:Into 2,0
25.4517649,-80.412412,0,0
25.4517383,-80.4124266,0,0
25.4517383,-80.4124266,0,0
25.4517183,-80.4124366,0,0
25.451705,-80.4124433,0,0
25.4516987,-80.4124466,0,0
25.4516733,-80.41246,0,0
25.4516733,-80.41246,0,0
25.4516543,-80.41247,START:Turn 2,0
25.4516416,-80.4124766,0,0
25.4516353,-80.4124799,0,0
25.45161,-80.4124933,0,0
25.45161,-80.4124933,0,0
25.451592,-80.4125023,0,0
25.45158,-80.4125083,0,0
25.451574,-80.4125113,0,0
25.45155,-80.4125233,0,0
25.45155,-80.4125233,0,0
25.451532,-80.4125323,0,0
25.45152,-80.4125383,0,0
25.4515143,-80.412541,0,0
25.4514916,-80.4125516,0,0
25.4514916,-80.4125516,0,0
25.4514736,-80.4125596,0,0
25.4514616,-80.412565,0,0
25.4514559,-80.4125677,0,0
25.4514333,-80.4125783,0,0
25.4514333,-80.4125783,0,0
25.4514163,-80.4125853,0,0
25.451405,-80.41259,0,0
25.4513997,-80.412592,0,0
25.4513783,-80.4126,0,0
25.4513783,-80.4126,0,0
25.4513623,-80.412606,0,0
25.4513516,-80.41261,0,0
25.4513463,-80.4126113,0,0
25.451325,-80.4126166,0,0
25.451325,-80.4126166,0,0
25.451309,-80.4126216,0,0
25.4512983,-80.412625,0,0
25.451293,-80.412626,0,0
25.4512716,-80.41263,0,0
25.4512716,-80.41263,0,0
25.4512566,-80.412633,0,0
25.4512466,-80.412635,0,0
25.4512416,-80.412636,0,0
25.4512216,-80.41264,0,0
25.4512216,-80.41264,0,0
25.4512056,-80.412641,0,0
25.451195,-80.4126416,0,0
25.45119,-80.4126419,0,0
25.45117,-80.4126433,0,0
25.45117,-80.4126433,0,0
25.451155,-80.4126433,0,0
25.451145,-80.4126433,0,0
25.45114,-80.412643,0,0
25.45112,-80.4126416,0,0
25.45112,-80.4126416,0,0
25.451105,-80.4126396,0,0
25.451095,-80.4126383,0,0
25.45109,-80.4126376,0,0
25.45107,-80.412635,0,0
25.45107,-80.412635,0,0
25.451055,-80.412632,0,0
25.451045,-80.41263,0,0
25.4510403,-80.4126287,0,0
25.4510216,-80.4126233,0,0
25.4510216,-80.4126233,0,0
25.4510066,-80.4126183,0,0
25.4509966,-80.412615,0,0
25.4509916,-80.412613,0,0
25.4509716,-80.412605,0,0
25.4509716,-80.412605,0,0
25.4509576,-80.4126,0,0
25.4509483,-80.4125966,0,0
25.4509433,-80.4125943,0,0
25.4509233,-80.412585,0,0
25.4509233,-80.412585,0,0
25.4509093,-80.412578,0,0
25.4509,-80.4125733,0,0
25.4508953,-80.4125706,0,0
25.4508766,-80.41256,0,0
25.4508766,-80.41256,0,0
25.4508626,-80.412552,0,0
25.4508533,-80.4125466,0,0
25.450849,-80.4125433,0,0
25.4508316,-80.41253,0,0
25.4508316,-80.41253,0,0
25.4508186,-80.412521,STOP,0
25.45081,-80.412515,0,0
25.4508057,-80.4125117,0,0
25.4507883,-80.4124983,0,0
25.4507883,-80.4124983,0,0
25.4507753,-80.4124873,0,0
25.4507666,-80.41248,0,0
25.4507623,-80.4124763,0,0
25.450745,-80.4124616,0,0
25.450745,-80.4124616,0,0
25.450733,-80.4124496,0,0
25.450725,-80.4124416,0,0
25.450721,-80.4124373,0,0
25.450705,-80.41242,0,0
25.450705,-80.41242,0,0
25.450693,-80.412408,0,0
25.450685,-80.4124,0,0
25.4506813,-80.4123953,0,0
25.4506666,-80.4123766,0,0
25.4506666,-80.4123766,0,0
25.4506556,-80.4123626,0,0
25.4506483,-80.4123533,0,0
25.4506446,-80.4123486,0,0
25.45063,-80.41233,0,0
25.45063,-80.41233,0,0
25.45062,-80.412315,0,0
25.4506133,-80.412305,0,0
25.45061,-80.4123,0,0
25.4505966,-80.41228,0,0
25.4505966,-80.41228,0,0
25.4505866,-80.412265,0,0
25.45058,-80.412255,0,0
25.4505767,-80.4122497,0,0
25.4505633,-80.4122283,0,0
25.4505633,-80.4122283,0,0
25.4505533,-80.4122123,0,0
25.4505466,-80.4122016,0,0
25.4505436,-80.4121963,0,0
25.4505316,-80.412175,0,0
25.4505316,-80.412175,0,0
25.4505216,-80.412159,START:Turn 3,0
25.450515,-80.4121483,0,0
25.450512,-80.4121426,0,0
25.4505,-80.41212,0,0
25.4505,-80.41212,0,0
25.45049,-80.412104,0,0
25.4504833,-80.4120933,0,0
25.4504803,-80.4120876,0,0
25.4504683,-80.412065,0,0
25.4504683,-80.412065,0,0
25.4504593,-80.412047,0,0
25.4504533,-80.412035,0,0
25.4504503,-80.4120293,0,0
25.4504383,-80.4120066,0,0
25.4504383,-80.4120066,0,0
25.4504293,-80.4119896,0,0
25.4504233,-80.4119783,0,0
25.4504203,-80.4119723,0,0
25.4504083,-80.4119483,0,0
25.4504083,-80.4119483,0,0
25.4504003,-80.4119313,0,0
25.450395,-80.41192,0,0
25.4503923,-80.4119143,0,0
25.4503816,-80.4118916,0,0
25.4503816,-80.4118916,0,0
25.4503736,-80.4118746,0,0
25.4503683,-80.4118633,0,0
25.4503656,-80.411858,0,0
25.450355,-80.4118366,0,0
25.450355,-80.4118366,0,0
25.450348,-80.4118206,0,0
25.4503433,-80.41181,0,0
25.450341,-80.411805,0,0
25.4503316,-80.411785,0,0
25.4503316,-80.411785,0,0
25.4503256,-80.411769,0,0
25.4503216,-80.4117583,0,0
25.4503196,-80.4117533,0,0
25.4503116,-80.4117333,0,0
25.4503116,-80.4117333,0,0
25.4503066,-80.4117183,0,0
25.4503033,-80.4117083,0,0
25.4503013,-80.4117033,0,0
25.4502933,-80.4116833,0,0
25.4502933,-80.4116833,0,0
25.4502893,-80.4116693,0,0
25.4502866,-80.41166,0,0
25.4502849,-80.411655,0,0
25.4502783,-80.411635,0,0
25.4502783,-80.411635,0,0
25.4502743,-80.411621,0,0
25.4502716,-80.4116116,0,0
25.4502706,-80.4116069,0,0
25.4502666,-80.4115883,0,0
25.4502666,-80.4115883,0,0
25.4502636,-80.4115743,0,0
25.4502616,-80.411565,0,0
25.4502609,-80.4115603,0,0
25.4502583,-80.4115416,0,0
25.4502583,-80.4115416,0,0
25.4502563,-80.4115276,0,0
25.450255,-80.4115183,0,0
25.4502543,-80.411514,0,0
25.4502516,-80.4114966,0,0
25.4502516,-80.4114966,0,0
25.4502516,-80.4114826,0,0
25.4502516,-80.4114733,0,0
25.4502516,-80.411469,0,0
25.4502516,-80.4114516,0,0
25.4502516,-80.4114516,0,0
25.4502526,-80.4114386,0,0
25.4502533,-80.41143,0,0
25.4502533,-80.4114257,0,0
25.4502533,-80.4114083,0,0
25.4502533,-80.4114083,0,0
25.4502543,-80.4113953,0,0
25.450255,-80.4113866,0,0
25.450256,-80.4113826,0,0
25.45026,-80.4113666,0,0
25.45026,-80.4113666,0,0
25.450264,-80.4113546,0,0
25.4502666,-80.4113466,0,0
25.4502683,-80.4113429,0,0
25.450275,-80.4113283,0,0
25.450275,-80.4113283,0,0
25.450279,-80.4113173,0,0
25.4502816,-80.41131,0,0
25.4502833,-80.4113063,0,0
25.45029,-80.4112916,0,0
25.45029,-80.4112916,0,0
25.450296,-80.4112816,0,0
25.4503,-80.411275,0,0
25.4503017,-80.4112717,0,0
25.4503083,-80.4112583,0,0
25.4503083,-80.4112583,0,0
25.4503143,-80.4112483,0,0
25.4503183,-80.4112416,0,0
25.4503203,-80.4112383,0,0
25.4503283,-80.411225,0,0
25.4503283,-80.411225,0,0
25.4503353,-80.411216,0,0
25.45034,-80.41121,0,0
25.4503427,-80.4112073,0,0
25.4503533,-80.4111966,0,0
25.4503533,-80.4111966,0,0
25.4503623,-80.4111896,0,0
25.4503683,-80.411185,0,0
25.4503713,-80.4111827,0,0
25.4503833,-80.4111733,0,0
25.4503833,-80.4111733,0,0
25.4503943,-80.4111683,0,0
25.4504016,-80.411165,0,0
25.4504049,-80.4111633,0,0
25.4504183,-80.4111566,0,0
25.4504183,-80.4111566,0,0
25.4504293,-80.4111526,0,0
25.4504366,-80.41115,0,0
25.4504403,-80.4111483,0,0
25.450455,-80.4111416,0,0
25.450455,-80.4111416,0,0
25.450465,-80.4111386,STOP,0
25.4504716,-80.4111366,0,0
25.4504753,-80.4111353,0,0
25.45049,-80.41113,0,0
25.45049,-80.41113,0,0
25.4505,-80.411127,0,0
25.4505066,-80.411125,0,0
25.4505103,-80.4111243,0,0
25.450525,-80.4111216,0,0
25.450525,-80.4111216,0,0
25.450536,-80.4111206,0,0
25.4505433,-80.41112,0,0
25.4505473,-80.41112,0,0
25.4505633,-80.41112,0,0
25.4505633,-80.41112,0,0
25.4505743,-80.41112,0,0
25.4505816,-80.41112,0,0
25.4505856,-80.41112,0,0
25.4506016,-80.41112,0,0
25.4506016,-80.41112,0,0
25.4506136,-80.411122,0,0
25.4506216,-80.4111233,0,0
25.4506256,-80.411124,0,0
25.4506416,-80.4111266,0,0
25.4506416,-80.4111266,0,0
25.4506536,-80.4111286,0,0
25.4506616,-80.41113,0,0
25.4506656,-80.411131,0,0
25.4506816,-80.411135,0,0
25.4506816,-80.411135,0,0
25.4506936,-80.411138,0,0
25.4507016,-80.41114,0,0
25.4507056,-80.4111413,0,0
25.4507216,-80.4111466,0,0
25.4507216,-80.4111466,0,0
25.4507336,-80.4111516,0,0
25.4507416,-80.411155,0,0
25.4507456,-80.411157,0,0
25.4507616,-80.411165,0,0
25.4507616,-80.411165,0,0
25.4507736,-80.411171,0,0
25.4507816,-80.411175,0,0
25.4507856,-80.411177,0,0
25.4508016,-80.411185,0,0
25.4508016,-80.411185,0,0
25.4508136,-80.411192,0,0
25.4508216,-80.4111966,0,0
25.4508259,-80.4111986,0,0
25.4508433,-80.4112066,0,0
25.4508433,-80.4112066,0,0
25.4508563,-80.4112136,START:Turn 4,0
25.450865,-80.4112183,0,0
25.450869,-80.4112206,0,0
25.450885,-80.41123,0,0
25.450885,-80.41123,0,0
25.450898,-80.411237,0,0
25.4509066,-80.4112416,0,0
25.4509109,-80.4112436,0,0
25.4509283,-80.4112516,0,0
25.4509283,-80.4112516,0,0
25.4509413,-80.4112566,0,0
25.45095,-80.41126,0,0
25.4509543,-80.4112613,0,0
25.4509716,-80.4112666,0,0
25.4509716,-80.4112666,0,0
25.4509856,-80.4112706,0,0
25.450995,-80.4112733,0,0
25.4509993,-80.4112743,0,0
25.4510166,-80.4112783,0,0
25.4510166,-80.4112783,0,0
25.4510306,-80.4112813,0,0
25.45104,-80.4112833,0,0
25.4510443,-80.4112836,0,0
25.4510616,-80.411285,0,0
25.4510616,-80.411285,0,0
25.4510746,-80.411286,0,0
25.4510833,-80.4112866,0,0
25.451088,-80.4112869,0,0
25.4511066,-80.4112883,0,0
25.4511066,-80.4112883,0,0
25.4511186,-80.4112873,0,0
25.4511266,-80.4112866,0,0
25.4511309,-80.4112863,0,0
25.4511483,-80.411285,0,0
25.4511483,-80.411285,0,0
25.4511613,-80.411282,0,0
25.45117,-80.41128,0,0
25.451174,-80.411279,0,0
25.45119,-80.411275,0,0
25.45119,-80.411275,0,0
25.451202,-80.411271,0,0
25.45121,-80.4112683,0,0
25.451214,-80.411267,0,0
25.45123,-80.4112616,0,0
25.45123,-80.4112616,0,0
25.451241,-80.4112556,0,0
25.4512483,-80.4112516,0,0
25.4512523,-80.4112496,0,0
25.4512683,-80.4112416,0,0
25.4512683,-80.4112416,0,0
25.4512793,-80.4112346,0,0
25.4512866,-80.41123,0,0
25.4512903,-80.411228,0,0
25.451305,-80.41122,0,0
25.451305,-80.41122,0,0
25.451315,-80.411212,0,0
25.4513216,-80.4112066,0,0
25.4513249,-80.4112036,0,0
25.4513383,-80.4111916,0,0
25.4513383,-80.4111916,0,0
25.4513483,-80.4111826,0,0
25.451355,-80.4111766,0,0
25.4513583,-80.4111733,0,0
25.4513716,-80.41116,0,0
25.4513716,-80.41116,0,0
25.4513796,-80.411149,0,0
25.451385,-80.4111416,0,0
25.4513877,-80.4111383,0,0
25.4513983,-80.411125,0,0
25.4513983,-80.411125,0,0
25.4514053,-80.411112,0,0
25.45141,-80.4111033,0,0
25.451412,-80.411099,0,0
25.45142,-80.4110816,0,0
25.45142,-80.4110816,0,0
25.451425,-80.4110686,0,0
25.4514283,-80.41106,0,0
25.4514303,-80.4110553,0,0
25.4514383,-80.4110366,0,0
25.4514383,-80.4110366,0,0
25.4514433,-80.4110236,STOP,0
25.4514466,-80.411015,0,0
25.4514479,-80.41101,0,0
25.4514533,-80.41099,0,0
25.4514533,-80.41099,0,0
25.4514563,-80.410975,0,0
25.4514583,-80.410965,0,0
25.4514593,-80.41096,0,0
25.4514633,-80.41094,0,0
25.4514633,-80.41094,0,0
25.4514653,-80.410925,0,0
25.4514666,-80.410915,0,0
25.4514669,-80.41091,0,0
25.4514683,-80.41089,0,0
25.4514683,-80.41089,0,0
25.4514703,-80.410874,0,0
25.4514716,-80.4108633,0,0
25.4514716,-80.410858,0,0
25.4514716,-80.4108366,0,0
25.4514716,-80.4108366,0,0
25.4514716,-80.4108216,START:Turn 5,0
25.4514716,-80.4108116,0,0
25.4514716,-80.4108063,0,0
25.4514716,-80.410785,0,0
25.4514716,-80.410785,0,0
25.4514706,-80.410769,0,0
25.45147,-80.4107583,0,0
25.4514697,-80.410753,0,0
25.4514683,-80.4107316,0,0
25.4514683,-80.4107316,0,0
25.4514663,-80.4107146,0,0
25.451465,-80.4107033,0,0
25.4514643,-80.410698,0,0
25.4514616,-80.4106766,0,0
25.4514616,-80.4106766,0,0
25.4514596,-80.4106606,0,0
25.4514583,-80.41065,0,0
25.4514576,-80.4106443,0,0
25.451455,-80.4106216,0,0
25.451455,-80.4106216,0,0
25.451453,-80.4106056,0,0
25.4514516,-80.410595,0,0
25.4514509,-80.4105893,0,0
25.4514483,-80.4105666,0,0
25.4514483,-80.4105666,0,0
25.4514473,-80.4105506,0,0
25.4514466,-80.41054,0,0
25.4514463,-80.4105343,0,0
25.451445,-80.4105116,0,0
25.451445,-80.4105116,0,0
25.451444,-80.4104946,0,0
25.4514433,-80.4104833,0,0
25.4514433,-80.4104776,0,0
25.4514433,-80.410455,0,0
25.4514433,-80.410455,0,0
25.4514423,-80.410438,0,0
25.4514416,-80.4104266,0,0
25.4514416,-80.4104206,0,0
25.4514416,-80.4103966,0,0
25.4514416,-80.4103966,0,0
25.4514426,-80.4103796,0,0
25.4514433,-80.4103683,0,0
25.4514433,-80.4103623,0,0
25.4514433,-80.4103383,0,0
25.4514433,-80.4103383,0,0
25.4514443,-80.4103213,0,0
25.451445,-80.41031,0,0
25.4514457,-80.410304,0,0
25.4514483,-80.41028,0,0
25.4514483,-80.41028,0,0
25.4514513,-80.410262,0,0
25.4514533,-80.41025,0,0
25.451454,-80.410244,0,0
25.4514566,-80.41022,0,0
25.4514566,-80.41022,0,0
25.4514596,-80.410202,0,0
25.4514616,-80.41019,0,0
25.4514629,-80.410184,0,0
25.4514683,-80.41016,0,0
25.4514683,-80.41016,0,0
25.4514733,-80.410142,0,0
25.4514766,-80.41013,0,0
25.4514783,-80.4101237,0,0
25.451485,-80.4100983,0,0
25.451485,-80.4100983,0,0
25.45149,-80.4100803,0,0
25.4514933,-80.4100683,0,0
25.4514953,-80.4100623,0,0
25.4515033,-80.4100383,0,0
25.4515033,-80.4100383,0,0
25.4515093,-80.4100193,0,0
25.4515133,-80.4100066,0,0
25.4515153,-80.4100006,0,0
25.4515233,-80.4099766,0,0
25.4515233,-80.4099766,0,0
25.4515303,-80.4099576,0,0
25.451535,-80.409945,0,0
25.4515373,-80.409939,0,0
25.4515466,-80.409915,0,0
25.4515466,-80.409915,0,0
25.4515536,-80.409896,STOP,0
25.4515583,-80.4098833,0,0
25.451561,-80.409877,0,0
25.4515716,-80.4098516,0,0
25.4515716,-80.4098516,0,0
25.4515786,-80.4098336,0,0
25.4515833,-80.4098216,0,0
25.451586,-80.4098153,0,0
25.4515966,-80.40979,0,0
25.4515966,-80.40979,0,0
25.4516056,-80.409772,0,0
25.4516116,-80.40976,0,0
25.4516143,-80.4097537,0,0
25.451625,-80.4097283,0,0
25.451625,-80.4097283,0,0
25.451634,-80.4097103,0,0
25.45164,-80.4096983,0,0
25.451643,-80.409692,0,0
25.451655,-80.4096666,0,0
25.451655,-80.4096666,0,0
25.451664,-80.4096476,0,0
25.45167,-80.409635,0,0
25.451673,-80.409629,0,0
25.451685,-80.409605,0,0
25.451685,-80.409605,0,0
25.451694,-80.409586,0,0
25.4517,-80.4095733,0,0
25.451703,-80.409567,0,0
25.451715,-80.4095416,0,0
25.451715,-80.4095416,0,0
25.451725,-80.4095236,0,0
25.4517316,-80.4095116,0,0
25.4517349,-80.4095053,0,0
25.4517483,-80.40948,0,0
25.4517483,-80.40948,0,0
25.4517573,-80.409461,0,0
25.4517633,-80.4094483,0,0
25.4517666,-80.4094416,0,0
25.45178,-80.409415,0,0
25.45178,-80.409415,SPLIT:Exit of 5,0
25.45179,-80.409396,0,0
25.4517966,-80.4093833,0,0
25.4517999,-80.409377,0,0
25.4518133,-80.4093516,0,0
25.4518133,-80.4093516,0,0
25.4518223,-80.4093316,0,0
25.4518283,-80.4093183,0,0
25.4518316,-80.409312,0,0
25.451845,-80.4092866,0,0
25.451845,-80.4092866,0,0
25.451854,-80.4092666,0,0
25.45186,-80.4092533,0,0
25.4518633,-80.4092463,0,0
25.4518766,-80.4092183,0,0
25.4518766,-80.4092183,0,0
25.4518866,-80.4091983,0,0
25.4518933,-80.409185,0,0
25.4518963,-80.4091783,0,0
25.4519083,-80.4091516,0,0
25.4519083,-80.4091516,0,0
25.4519183,-80.4091306,0,0
25.451925,-80.4091166,0,0
25.451928,-80.4091099,0,0
25.45194,-80.4090833,0,0
25.45194,-80.4090833,0,0
25.45195,-80.4090633,0,0
25.4519566,-80.40905,0,0
25.4519599,-80.409043,0,0
25.4519733,-80.409015,0,0
25.4519733,-80.409015,0,0
25.4519823,-80.408995,0,0
25.4519883,-80.4089816,0,0
25.4519916,-80.4089746,0,0
25.452005,-80.4089466,0,0
25.452005,-80.4089466,0,0
25.452015,-80.4089256,0,0
25.4520216,-80.4089116,0,0
25.4520246,-80.4089046,0,0
25.4520366,-80.4088766,0,0
25.4520366,-80.4088766,0,0
25.4520466,-80.4088556,0,0
25.4520533,-80.4088416,0,0
25.4520566,-80.4088346,0,0
25.45207,-80.4088066,0,0
25.45207,-80.4088066,0,0
25.45208,-80.4087856,0,0
25.4520866,-80.4087716,0,0
25.4520899,-80.4087646,0,0
25.4521033,-80.4087366,0,0
25.4521033,-80.4087366,0,0
25.4521133,-80.4087156,0,0
25.45212,-80.4087016,0,0
25.4521233,-80.4086943,0,0
25.4521366,-80.408665,0,0
25.4521366,-80.408665,0,0
25.4521466,-80.408644,0,0
25.4521533,-80.40863,0,0
25.4521566,-80.408623,0,0
25.45217,-80.408595,0,0
25.45217,-80.408595,0,0
25.452181,-80.408573,0,0
25.4521883,-80.4085583,0,0
25.4521916,-80.408551,0,0
25.452205,-80.4085216,0,0
25.452205,-80.4085216,0,0
25.452215,-80.4085006,0,0
25.4522216,-80.4084866,0,0
25.4522253,-80.4084793,0,0
25.45224,-80.40845,0,0
25.45224,-80.40845,0,0
25.45225,-80.408428,0,0
25.4522566,-80.4084133,0,0
25.4522599,-80.408406,0,0
25.4522733,-80.4083766,0,0
25.4522733,-80.4083766,0,0
25.4522843,-80.4083546,0,0
25.4522916,-80.40834,0,0
25.4522949,-80.4083327,0,0
25.4523083,-80.4083033,0,0
25.4523083,-80.4083033,0,0
25.4523193,-80.4082813,0,0
25.4523266,-80.4082666,0,0
25.4523299,-80.4082593,0,0
25.4523433,-80.40823,0,0
25.4523433,-80.40823,0,0
25.4523543,-80.408207,0,0
25.4523616,-80.4081916,0,0
25.4523649,-80.4081843,0,0
25.4523783,-80.408155,0,0
25.4523783,-80.408155,0,0
25.4523893,-80.408132,0,0
25.4523966,-80.4081166,0,0
25.4524003,-80.4081093,0,0
25.452415,-80.40808,0,0
25.452415,-80.40808,0,0
25.452426,-80.408057,0,0
25.4524333,-80.4080416,0,0
25.4524366,-80.4080339,0,0
25.45245,-80.4080033,0,0
25.45245,-80.4080033,0,0
25.452461,-80.4079803,0,0
25.4524683,-80.407965,0,0
25.452472,-80.4079573,0,0
25.4524866,-80.4079266,0,0
25.4524866,-80.4079266,0,0
25.4524976,-80.4079036,0,0
25.452505,-80.4078883,0,0
25.4525087,-80.4078806,0,0
25.4525233,-80.40785,0,0
25.4525233,-80.40785,0,0
25.4525343,-80.407827,0,0
25.4525416,-80.4078116,0,0
25.4525453,-80.4078039,0,0
25.45256,-80.4077733,0,0
25.45256,-80.4077733,0,0
25.452571,-80.4077503,0,0
25.4525783,-80.407735,0,0
25.452582,-80.407727,0,0
25.4525966,-80.407695,0,0
25.4525966,-80.407695,0,0
25.4526086,-80.407672,0,0
25.4526166,-80.4076566,0,0
25.4526203,-80.4076486,0,0
25.452635,-80.4076166,0,0
25.452635,-80.4076166,0,0
25.452646,-80.4075936,0,0
25.4526533,-80.4075783,0,0
25.452657,-80.4075703,0,0
25.4526716,-80.4075383,0,0
25.4526716,-80.4075383,0,0
25.4526826,-80.4075153,0,0
25.45269,-80.4075,0,0
25.452694,-80.407492,0,0
25.45271,-80.40746,0,0
25.45271,-80.40746,0,0
25.452721,-80.407436,0,0
25.4527283,-80.40742,0,0
25.452732,-80.407412,0,0
25.4527466,-80.40738,0,0
25.4527466,-80.40738,0,0
25.4527576,-80.407356,0,0
25.452765,-80.40734,0,0
25.452769,-80.4073323,0,0
25.452785,-80.4073016,0,0
25.452785,-80.4073016,0,0
25.452796,-80.4072776,0,0
25.4528033,-80.4072616,0,0
25.452807,-80.4072539,0,0
25.4528216,-80.4072233,0,0
25.4528216,-80.4072233,0,0
25.4528316,-80.4072003,START:Turn 6,0
25.4528383,-80.407185,0,0
25.452842,-80.4071773,0,0
25.4528566,-80.4071466,0,0
25.4528566,-80.4071466,0,0
25.4528676,-80.4071246,0,0
25.452875,-80.40711,0,0
25.4528783,-80.407103,0,0
25.4528916,-80.407075,0,0
25.4528916,-80.407075,0,0
25.4529016,-80.407053,0,0
25.4529083,-80.4070383,0,0
25.4529116,-80.4070316,0,0
25.452925,-80.407005,0,0
25.452925,-80.407005,0,0
25.452934,-80.406984,0,0
25.45294,-80.40697,0,0
25.4529433,-80.4069633,0,0
25.4529566,-80.4069366,0,0
25.4529566,-80.4069366,0,0
25.4529656,-80.4069176,0,0
25.4529716,-80.406905,0,0
25.4529746,-80.4068983,0,0
25.4529866,-80.4068716,0,0
25.4529866,-80.4068716,0,0
25.4529956,-80.4068526,0,0
25.4530016,-80.40684,0,0
25.4530046,-80.406834,0,0
25.4530166,-80.40681,0,0
25.4530166,-80.40681,0,0
25.4530246,-80.406792,0,0
25.45303,-80.40678,0,0
25.453033,-80.406774,0,0
25.453045,-80.40675,0,0
25.453045,-80.40675,0,0
25.453053,-80.406733,0,0
25.4530583,-80.4067216,0,0
25.453061,-80.4067159,0,0
25.4530716,-80.4066933,0,0
25.4530716,-80.4066933,0,0
25.4530786,-80.4066773,0,0
25.4530833,-80.4066666,0,0
25.4530856,-80.4066616,0,0
25.453095,-80.4066416,0,0
25.453095,-80.4066416,0,0
25.453102,-80.4066256,0,0
25.4531066,-80.406615,0,0
25.4531089,-80.40661,0,0
25.4531183,-80.40659,0,0
25.4531183,-80.40659,0,0
25.4531243,-80.406576,0,0
25.4531283,-80.4065666,0,0
25.4531303,-80.4065619,0,0
25.4531383,-80.4065433,0,0
25.4531383,-80.4065433,0,0
25.4531433,-80.4065283,0,0
25.4531466,-80.4065183,0,0
25.4531486,-80.4065136,0,0
25.4531566,-80.406495,0,0
25.4531566,-80.406495,0,0
25.4531606,-80.406481,0,0
25.4531633,-80.4064716,0,0
25.4531646,-80.4064673,0,0
25.45317,-80.40645,0,0
25.45317,-80.40645,0,0
25.453173,-80.406437,0,0
25.453175,-80.4064283,0,0
25.453176,-80.406424,0,0
25.45318,-80.4064066,0,0
25.45318,-80.4064066,0,0
25.453182,-80.4063936,0,0
25.4531833,-80.406385,0,0
25.453184,-80.406381,0,0
25.4531866,-80.406365,0,0
25.4531866,-80.406365,0,0
25.4531866,-80.406352,0,0
25.4531866,-80.4063433,0,0
25.4531869,-80.4063393,0,0
25.4531883,-80.4063233,0,0
25.4531883,-80.4063233,0,0
25.4531873,-80.4063103,0,0
25.4531866,-80.4063016,0,0
25.4531866,-80.4062976,0,0
25.4531866,-80.4062816,0,0
25.4531866,-80.4062816,0,0
25.4531846,-80.4062696,0,0
25.4531833,-80.4062616,0,0
25.4531826,-80.4062576,0,0
25.45318,-80.4062416,0,0
25.45318,-80.4062416,0,0
25.453177,-80.4062296,0,0
25.453175,-80.4062216,0,0
25.4531737,-80.4062176,0,0
25.4531683,-80.4062016,0,0
25.4531683,-80.4062016,0,0
25.4531633,-80.4061906,0,0
25.45316,-80.4061833,0,0
25.4531583,-80.4061796,0,0
25.4531516,-80.406165,0,0
25.4531516,-80.406165,0,0
25.4531456,-80.406154,0,0
25.4531416,-80.4061466,0,0
25.4531396,-80.4061429,0,0
25.4531316,-80.4061283,0,0
25.4531316,-80.4061283,0,0
25.4531246,-80.4061183,0,0
25.45312,-80.4061116,0,0
25.4531177,-80.4061083,0,0
25.4531083,-80.406095,0,0
25.4531083,-80.406095,0,0
25.4531003,-80.406086,0,0
25.453095,-80.40608,0,0
25.4530923,-80.406077,0,0
25.4530816,-80.406065,0,0
25.4530816,-80.406065,0,0
25.4530726,-80.406057,0,0
25.4530666,-80.4060516,0,0
25.4530633,-80.4060489,0,0
25.45305,-80.4060383,0,0
25.45305,-80.4060383,0,0
25.45304,-80.4060303,0,0
25.4530333,-80.406025,0,0
25.4530296,-80.4060227,0,0
25.453015,-80.4060133,0,0
25.453015,-80.4060133,0,0
25.453004,-80.4060063,0,0
25.4529966,-80.4060016,0,0
25.4529929,-80.4059996,0,0
25.4529783,-80.4059916,0,0
25.4529783,-80.4059916,0,0
25.4529663,-80.4059856,0,0
25.4529583,-80.4059816,0,0
25.4529546,-80.4059796,0,0
25.45294,-80.4059716,0,0
25.45294,-80.4059716,0,0
25.452927,-80.4059666,0,0
25.4529183,-80.4059633,0,0
25.4529143,-80.405962,0,0
25.4528983,-80.4059566,0,0
25.4528983,-80.4059566,0,0
25.4528843,-80.4059526,0,0
25.452875,-80.40595,0,0
25.4528707,-80.405949,0,0
25.4528533,-80.405945,0,0
25.4528533,-80.405945,0,0
25.4528393,-80.405942,0,0
25.45283,-80.40594,0,0
25.4528253,-80.405939,0,0
25.4528066,-80.405935,0,0
25.4528066,-80.405935,0,0
25.4527916,-80.405933,0,0
25.4527816,-80.4059316,0,0
25.4527769,-80.4059309,0,0
25.4527583,-80.4059283,0,0
25.4527583,-80.4059283,0,0
25.4527433,-80.4059273,0,0
25.4527333,-80.4059266,0,0
25.4527283,-80.4059263,0,0
25.4527083,-80.405925,0,0
25.4527083,-80.405925,0,0
25.4526933,-80.405925,STOP,0
25.4526833,-80.405925,0,0
25.4526783,-80.405925,0,0
25.4526583,-80.405925,0,0
25.4526583,-80.405925,0,0
25.4526433,-80.405926,0,0
25.4526333,-80.4059266,0,0
25.452628,-80.4059269,0,0
25.4526066,-80.4059283,0,0
25.4526066,-80.4059283,0,0
25.4525916,-80.4059293,0,0
25.4525816,-80.40593,0,0
25.4525763,-80.4059307,0,0
25.452555,-80.4059333,0,0
25.452555,-80.4059333,0,0
25.45254,-80.4059353,0,0
25.45253,-80.4059366,0,0
25.452525,-80.4059373,0,0
25.452505,-80.40594,0,0
25.452505,-80.40594,0,0
25.452489,-80.405943,START:Turn 7,0
25.4524783,-80.405945,0,0
25.452473,-80.4059457,0,0
25.4524516,-80.4059483,0,0
25.4524516,-80.4059483,0,0
25.4524366,-80.4059513,0,0
25.4524266,-80.4059533,0,0
25.4524213,-80.4059543,0,0
25.4524,-80.4059583,0,0
25.4524,-80.4059583,0,0
25.452384,-80.4059623,0,0
25.4523733,-80.405965,0,0
25.452368,-80.4059663,0,0
25.4523466,-80.4059716,0,0
25.4523466,-80.4059716,0,0
25.4523306,-80.4059756,0,0
25.45232,-80.4059783,0,0
25.4523143,-80.4059796,0,0
25.4522916,-80.405985,0,0
25.4522916,-80.405985,0,0
25.4522756,-80.40599,0,0
25.452265,-80.4059933,0,0
25.4522597,-80.405995,0,0
25.4522383,-80.4060016,0,0
25.4522383,-80.4060016,0,0
25.4522223,-80.4060076,0,0
25.4522116,-80.4060116,0,0
25.4522063,-80.4060136,0,0
25.452185,-80.4060216,0,0
25.452185,-80.4060216,0,0
25.452168,-80.4060286,0,0
25.4521566,-80.4060333,0,0
25.4521513,-80.4060356,0,0
25.45213,-80.406045,0,0
25.45213,-80.406045,0,0
25.452114,-80.406053,0,0
25.4521033,-80.4060583,0,0
25.452098,-80.406061,0,0
25.4520766,-80.4060716,0,0
25.4520766,-80.4060716,0,0
25.4520606,-80.4060796,0,0
25.45205,-80.406085,0,0
25.4520447,-80.406088,0,0
25.4520233,-80.4061,0,0
25.4520233,-80.4061,0,0
25.4520063,-80.406109,0,0
25.451995,-80.406115,0,0
25.4519897,-80.4061183,0,0
25.4519683,-80.4061316,0,0
25.4519683,-80.4061316,0,0
25.4519533,-80.4061426,0,0
25.4519433,-80.40615,0,0
25.451938,-80.4061533,0,0
25.4519166,-80.4061666,0,0
25.4519166,-80.4061666,0,0
25.4519006,-80.4061776,0,0
25.45189,-80.406185,0,0
25.4518847,-80.406189,0,0
25.4518633,-80.406205,0,0
25.4518633,-80.406205,0,0
25.4518483,-80.406217,0,0
25.4518383,-80.406225,0,0
25.4518333,-80.406229,0,0
25.4518133,-80.406245,0,0
25.4518133,-80.406245,0,0
25.4517983,-80.406258,0,0
25.4517883,-80.4062666,0,0
25.4517833,-80.4062709,0,0
25.4517633,-80.4062883,0,0
25.4517633,-80.4062883,0,0
25.4517483,-80.4063023,0,0
25.4517383,-80.4063116,0,0
25.4517336,-80.4063163,0,0
25.451715,-80.406335,0,0
25.451715,-80.406335,0,0
25.451701,-80.40635,0,0
25.4516916,-80.40636,0,0
25.4516869,-80.406365,0,0
25.4516683,-80.406385,0,0
25.4516683,-80.406385,0,0
25.4516543,-80.4064,0,0
25.451645,-80.40641,0,0
25.4516407,-80.4064153,0,0
25.4516233,-80.4064366,0,0
25.4516233,-80.4064366,0,0
25.4516103,-80.4064526,0,0
25.4516016,-80.4064633,0,0
25.4515973,-80.406469,0,0
25.45158,-80.4064916,0,0
25.45158,-80.4064916,0,0
25.451568,-80.4065086,0,0
25.45156,-80.40652,0,0
25.451556,-80.406526,0,0
25.45154,-80.40655,0,0
25.45154,-80.40655,0,0
25.451528,-80.406568,0,0
25.45152,-80.40658,0,0
25.4515163,-80.4065863,0,0
25.4515016,-80.4066116,0,0
25.4515016,-80.4066116,0,0
25.4514896,-80.4066296,0,0
25.4514816,-80.4066416,0,0
25.4514779,-80.4066479,0,0
25.4514633,-80.4066733,0,0
25.4514633,-80.4066733,0,0
25.4514523,-80.4066933,0,0
25.451445,-80.4067066,0,0
25.4514413,-80.4067129,0,0
25.4514266,-80.4067383,0,0
25.4514266,-80.4067383,0,0
25.4514166,-80.4067583,0,0
25.45141,-80.4067716,0,0
25.4514067,-80.4067786,0,0
25.4513933,-80.4068066,0,0
25.4513933,-80.4068066,0,0
25.4513843,-80.4068266,0,0
25.4513783,-80.40684,0,0
25.4513753,-80.406847,0,0
25.4513633,-80.406875,0,0
25.4513633,-80.406875,0,0
25.4513543,-80.406896,0,0
25.4513483,-80.40691,0,0
25.4513453,-80.406917,0,0
25.4513333,-80.406945,0,0
25.4513333,-80.406945,0,0
25.4513253,-80.406967,0,0
25.45132,-80.4069816,0,0
25.451317,-80.4069889,0,0
25.451305,-80.4070183,0,0
25.451305,-80.4070183,0,0
25.451297,-80.4070403,0,0
25.4512916,-80.407055,0,0
25.4512893,-80.4070623,0,0
25.45128,-80.4070916,0,0
25.45128,-80.4070916,0,0
25.451272,-80.4071136,0,0
25.4512666,-80.4071283,0,0
25.4512643,-80.407136,0,0
25.451255,-80.4071666,0,0
25.451255,-80.4071666,0,0
25.451248,-80.4071886,0,0
25.4512433,-80.4072033,0,0
25.451241,-80.407211,0,0
25.4512316,-80.4072416,0,0
25.4512316,-80.4072416,0,0
25.4512246,-80.4072646,0,0
25.45122,-80.40728,0,0
25.451218,-80.4072877,0,0
25.45121,-80.4073183,0,0
25.45121,-80.4073183,0,0
25.451203,-80.4073403,STOP,0
25.4511983,-80.407355,0,0
25.4511963,-80.4073627,0,0
25.4511883,-80.4073933,0,0
25.4511883,-80.4073933,0,0
25.4511823,-80.4074173,0,0
25.4511783,-80.4074333,0,0
25.451176,-80.407441,0,0
25.4511666,-80.4074716,0,0
25.4511666,-80.4074716,0,0
25.4511606,-80.4074946,0,0
25.4511566,-80.40751,0,0
25.4511543,-80.4075177,0,0
25.451145,-80.4075483,0,0
25.451145,-80.4075483,0,0
25.451138,-80.4075723,0,0
25.4511333,-80.4075883,0,0
25.4511313,-80.407596,0,0
25.4511233,-80.4076266,0,0
25.4511233,-80.4076266,0,0
25.4511163,-80.4076506,0,0
25.4511116,-80.4076666,0,0
25.4511096,-80.4076746,0,0
25.4511016,-80.4077066,SPLIT:Exit of 6-7,0
25.4511016,-80.4077066,0,0
25.4510946,-80.4077306,0,0
25.45109,-80.4077466,0,0
25.451088,-80.4077543,0,0
25.45108,-80.407785,0,0
25.45108,-80.407785,0,0
25.451073,-80.407809,0,0
25.4510683,-80.407825,0,0
25.4510663,-80.4078333,0,0
25.4510583,-80.4078666,0,0
25.4510583,-80.4078666,0,0
25.4510513,-80.4078906,0,0
25.4510466,-80.4079066,0,0
25.4510446,-80.4079146,0,0
25.4510366,-80.4079466,0,0
25.4510366,-80.4079466,0,0
25.4510296,-80.4079716,0,0
25.451025,-80.4079883,0,0
25.451023,-80.4079963,0,0
25.451015,-80.4080283,0,0
25.451015,-80.4080283,0,0
25.451008,-80.4080533,0,0
25.4510033,-80.40807,0,0
25.4510013,-80.408078,0,0
25.4509933,-80.40811,0,0
25.4509933,-80.40811,0,0
25.4509863,-80.408135,0,0
25.4509816,-80.4081516,0,0
25.4509793,-80.4081599,0,0
25.45097,-80.4081933,0,0
25.45097,-80.4081933,0,0
25.450963,-80.4082173,0,0
25.4509583,-80.4082333,0,0
25.450956,-80.4082416,0,0
25.4509466,-80.408275,0,0
25.4509466,-80.408275,0,0
25.4509396,-80.4083,0,0
25.450935,-80.4083166,0,0
25.4509323,-80.4083249,0,0
25.4509216,-80.4083583,0,0
25.4509216,-80.4083583,0,0
25.4509146,-80.4083823,0,0
25.45091,-80.4083983,0,0
25.4509073,-80.4084066,0,0
25.4508966,-80.40844,0,0
25.4508966,-80.40844,0,0
25.4508886,-80.408465,0,0
25.4508833,-80.4084816,0,0
25.4508806,-80.4084896,0,0
25.45087,-80.4085216,0,0
25.45087,-80.4085216,0,0
25.450861,-80.4085466,0,0
25.450855,-80.4085633,0,0
25.4508523,-80.4085716,0,0
25.4508416,-80.408605,0,0
25.4508416,-80.408605,0,0
25.4508336,-80.40863,0,0
25.4508283,-80.4086466,0,0
25.4508253,-80.4086549,0,0
25.4508133,-80.4086883,0,0
25.4508133,-80.4086883,0,0
25.4508043,-80.4087133,0,0
25.4507983,-80.40873,0,0
25.4507956,-80.4087387,0,0
25.450785,-80.4087733,0,0
25.450785,-80.4087733,0,0
25.450776,-80.4087983,0,0
25.45077,-80.408815,0,0
25.450767,-80.4088233,0,0
25.450755,-80.4088566,0,0
25.450755,-80.4088566,0,0
25.450746,-80.4088826,0,0
25.45074,-80.4089,0,0
25.450737,-80.4089083,0,0
25.450725,-80.4089416,0,0
25.450725,-80.4089416,0,0
25.450716,-80.4089676,0,0
25.45071,-80.408985,0,0
25.450707,-80.4089933,0,0
25.450695,-80.4090266,0,0
25.450695,-80.4090266,0,0
25.450686,-80.4090526,0,0
25.45068,-80.40907,0,0
25.450677,-80.4090783,0,0
25.450665,-80.4091116,0,0
25.450665,-80.4091116,0,0
25.450656,-80.4091376,0,0
25.45065,-80.409155,0,0
25.4506467,-80.4091633,0,0
25.4506333,-80.4091966,0,0
25.4506333,-80.4091966,0,0
25.4506243,-80.4092226,0,0
25.4506183,-80.40924,0,0
25.4506153,-80.4092487,0,0
25.4506033,-80.4092833,0,0
25.4506033,-80.4092833,0,0
25.4505933,-80.4093083,0,0
25.4505866,-80.409325,0,0
25.4505836,-80.4093337,0,0
25.4505716,-80.4093683,0,0
25.4505716,-80.4093683,0,0
25.4505626,-80.4093943,0,0
25.4505566,-80.4094116,0,0
25.4505533,-80.4094203,0,0
25.45054,-80.409455,0,0
25.45054,-80.409455,0,0
25.450531,-80.409481,0,0
25.450525,-80.4094983,0,0
25.4505217,-80.409507,0,0
25.4505083,-80.4095416,0,0
25.4505083,-80.4095416,0,0
25.4504993,-80.4095686,0,0
25.4504933,-80.4095866,0,0
25.4504903,-80.4095953,0,0
25.4504783,-80.40963,0,0
25.4504783,-80.40963,0,0
25.4504683,-80.409656,0,0
25.4504616,-80.4096733,0,0
25.4504586,-80.409682,0,0
25.4504466,-80.4097166,0,0
25.4504466,-80.4097166,0,0
25.4504366,-80.4097436,0,0
25.45043,-80.4097616,0,0
25.450427,-80.4097703,0,0
25.450415,-80.409805,0,0
25.450415,-80.409805,0,0
25.450406,-80.409831,0,0
25.4504,-80.4098483,0,0
25.4503967,-80.4098573,0,0
25.4503833,-80.4098933,0,0
25.4503833,-80.4098933,0,0
25.4503733,-80.4099203,0,0
25.4503666,-80.4099383,0,0
25.4503636,-80.4099473,0,0
25.4503516,-80.4099833,0,0
25.4503516,-80.4099833,0,0
25.4503416,-80.4100103,0,0
25.450335,-80.4100283,0,0
25.4503317,-80.410037,0,0
25.4503183,-80.4100716,0,0
25.4503183,-80.4100716,0,0
25.4503093,-80.4100986,0,0
25.4503033,-80.4101166,0,0
25.4503,-80.4101256,0,0
25.4502866,-80.4101616,0,0
25.4502866,-80.4101616,0,0
25.4502766,-80.4101886,0,0
25.45027,-80.4102066,0,0
25.450267,-80.4102156,0,0
25.450255,-80.4102516,0,0
25.450255,-80.4102516,0,0
25.450245,-80.4102786,0,0
25.4502383,-80.4102966,0,0
25.450235,-80.4103053,0,0
25.4502216,-80.41034,0,0
25.4502216,-80.41034,0,0
25.4502126,-80.410367,0,0
25.4502066,-80.410385,0,0
25.4502033,-80.4103937,0,0
25.45019,-80.4104283,0,0
25.45019,-80.4104283,0,0
25.450181,-80.4104533,0,0
25.450175,-80.41047,0,0
25.450172,-80.4104783,0,0
25.45016,-80.4105116,0,0
25.45016,-80.4105116,0,0
25.450151,-80.4105356,START:Turn 8,0
25.450145,-80.4105516,0,0
25.450142,-80.4105596,0,0
25.45013,-80.4105916,0,0
25.45013,-80.4105916,0,0
25.450121,-80.4106156,0,0
25.450115,-80.4106316,0,0
25.4501123,-80.4106393,0,0
25.4501016,-80.41067,0,0
25.4501016,-80.41067,0,0
25.4500936,-80.410693,0,0
25.4500883,-80.4107083,0,0
25.4500856,-80.4107156,0,0
25.450075,-80.410745,0,0
25.450075,-80.410745,0,0
25.450067,-80.410767,0,0
25.4500616,-80.4107816,0,0
25.4500589,-80.4107883,0,0
25.4500483,-80.410815,0,0
25.4500483,-80.410815,0,0
25.4500413,-80.410835,0,0
25.4500366,-80.4108483,0,0
25.4500343,-80.4108546,0,0
25.450025,-80.41088,0,0
25.450025,-80.41088,0,0
25.450018,-80.410899,0,0
25.4500133,-80.4109116,0,0
25.450011,-80.4109176,0,0
25.4500016,-80.4109416,0,0
25.4500016,-80.4109416,0,0
25.4499956,-80.4109606,0,0
25.4499916,-80.4109733,0,0
25.4499896,-80.410979,0,0
25.4499816,-80.4110016,0,0
25.4499816,-80.4110016,0,0
25.4499756,-80.4110196,0,0
25.4499716,-80.4110316,0,0
25.4499696,-80.4110373,0,0
25.4499616,-80.41106,0,0
25.4499616,-80.41106,0,0
25.4499556,-80.411077,0,0
25.4499516,-80.4110883,0,0
25.4499499,-80.4110936,0,0
25.4499433,-80.411115,0,0
25.4499433,-80.411115,0,0
25.4499373,-80.411131,0,0
25.4499333,-80.4111416,0,0
25.4499316,-80.4111469,0,0
25.449925,-80.4111683,0,0
25.449925,-80.4111683,0,0
25.449919,-80.4111833,0,0
25.449915,-80.4111933,0,0
25.4499133,-80.411198,0,0
25.4499066,-80.4112166,0,0
25.4499066,-80.4112166,0,0
25.4499016,-80.4112316,0,0
25.4498983,-80.4112416,0,0
25.4498966,-80.4112459,0,0
25.44989,-80.4112633,0,0
25.44989,-80.4112633,0,0
25.449885,-80.4112763,0,0
25.4498816,-80.411285,0,0
25.4498799,-80.4112893,0,0
25.4498733,-80.4113066,0,0
25.4498733,-80.4113066,0,0
25.4498683,-80.4113196,0,0
25.449865,-80.4113283,0,0
25.4498637,-80.411332,0,0
25.4498583,-80.4113466,0,0
25.4498583,-80.4113466,0,0
25.4498543,-80.4113586,0,0
25.4498516,-80.4113666,0,0
25.4498503,-80.4113706,0,0
25.449845,-80.4113866,0,0
25.449845,-80.4113866,0,0
25.449841,-80.4113976,0,0
25.4498383,-80.411405,0,0
25.449837,-80.4114083,0,0
25.4498316,-80.4114216,0,0
25.4498316,-80.4114216,0,0
25.4498276,-80.4114316,0,0
25.449825,-80.4114383,0,0
25.449823,-80.411441,0,0
25.449815,-80.4114516,0,0
25.449815,-80.4114516,0,0
25.449807,-80.4114596,0,0
25.4498016,-80.411465,0,0
25.4497993,-80.4114673,0,0
25.44979,-80.4114766,0,0
25.44979,-80.4114766,0,0
25.449781,-80.4114836,0,0
25.449775,-80.4114883,0,0
25.449772,-80.41149,0,0
25.44976,-80.4114966,0,0
25.44976,-80.4114966,0,0
25.44975,-80.4115016,0,0
25.4497433,-80.411505,0,0
25.44974,-80.4115063,0,0
25.4497266,-80.4115116,0,0
25.4497266,-80.4115116,0,0
25.4497166,-80.4115146,0,0
25.44971,-80.4115166,0,0
25.4497067,-80.4115176,0,0
25.4496933,-80.4115216,0,0
25.4496933,-80.4115216,0,0
25.4496843,-80.4115226,0,0
25.4496783,-80.4115233,0,0
25.449675,-80.4115236,0,0
25.4496616,-80.411525,0,0
25.4496616,-80.411525,0,0
25.4496526,-80.411526,0,0
25.4496466,-80.4115266,0,0
25.4496436,-80.4115269,0,0
25.4496316,-80.4115283,0,0
25.4496316,-80.4115283,0,0
25.4496226,-80.4115273,0,0
25.4496166,-80.4115266,0,0
25.4496133,-80.4115263,0,0
25.4496,-80.411525,0,0
25.4496,-80.411525,0,0
25.449591,-80.411523,0,0
25.449585,-80.4115216,0,0
25.4495823,-80.4115206,0,0
25.4495716,-80.4115166,0,0
25.4495716,-80.4115166,0,0
25.4495626,-80.4115136,0,0
25.4495566,-80.4115116,0,0
25.4495536,-80.4115103,0,0
25.4495416,-80.411505,0,0
25.4495416,-80.411505,0,0
25.4495326,-80.4115,0,0
25.4495266,-80.4114966,0,0
25.4495239,-80.4114949,0,0
25.4495133,-80.4114883,0,0
25.4495133,-80.4114883,0,0
25.4495053,-80.4114823,0,0
25.4495,-80.4114783,0,0
25.449497,-80.4114763,0,0
25.449485,-80.4114683,0,0
25.449485,-80.4114683,0,0
25.449477,-80.4114623,0,0
25.4494716,-80.4114583,0,0
25.4494693,-80.4114556,0,0
25.44946,-80.411445,0,0
25.44946,-80.411445,0,0
25.449453,-80.411437,0,0
25.4494483,-80.4114316,0,0
25.449446,-80.4114289,0,0
25.4494366,-80.4114183,0,0
25.4494366,-80.4114183,0,0
25.4494306,-80.4114083,0,0
25.4494266,-80.4114016,0,0
25.4494246,-80.4113986,0,0
25.4494166,-80.4113866,0,0
25.4494166,-80.4113866,0,0
25.4494106,-80.4113756,0,0
25.4494066,-80.4113683,0,0
25.4494049,-80.411365,0,0
25.4493983,-80.4113516,0,0
25.4493983,-80.4113516,0,0
25.4493933,-80.4113406,0,0
25.44939,-80.4113333,0,0
25.4493883,-80.4113296,0,0
25.4493816,-80.411315,0,0
25.4493816,-80.411315,0,0
25.4493776,-80.411304,0,0
25.449375,-80.4112966,0,0
25.4493737,-80.4112923,0,0
25.4493683,-80.411275,0,0
25.4493683,-80.411275,0,0
25.4493653,-80.411263,0,0
25.4493633,-80.411255,0,0
25.4493626,-80.4112507,0,0
25.44936,-80.4112333,0,0
25.44936,-80.4112333,0,0
25.449358,-80.4112203,0,0
25.4493566,-80.4112116,0,0
25.4493559,-80.4112073,0,0
25.4493533,-80.41119,0,0
25.4493533,-80.41119,0,0
25.4493523,-80.411176,0,0
25.4493516,-80.4111666,0,0
25.4493513,-80.4111619,0,0
25.44935,-80.4111433,0,0
25.44935,-80.4111433,0,0
25.449349,-80.4111293,0,0
25.4493483,-80.41112,0,0
25.449348,-80.4111153,0,0
25.4493466,-80.4110966,0,0
25.4493466,-80.4110966,0,0
25.4493456,-80.4110816,0,0
25.449345,-80.4110716,0,0
25.449345,-80.4110669,0,0
25.449345,-80.4110483,0,0
25.449345,-80.4110483,0,0
25.449346,-80.4110323,0,0
25.4493466,-80.4110216,0,0
25.4493466,-80.4110166,0,0
25.4493466,-80.4109966,0,0
25.4493466,-80.4109966,0,0
25.4493476,-80.4109816,0,0
25.4493483,-80.4109716,0,0
25.4493483,-80.4109663,0,0
25.4493483,-80.410945,0,0
25.4493483,-80.410945,0,0
25.4493493,-80.410929,0,0
25.44935,-80.4109183,0,0
25.4493503,-80.410913,0,0
25.4493516,-80.4108916,0,0
25.4493516,-80.4108916,0,0
25.4493526,-80.4108756,STOP,0
25.4493533,-80.410865,0,0
25.4493536,-80.4108593,0,0
25.449355,-80.4108366,0,0
25.449355,-80.4108366,0,0
25.449356,-80.4108206,0,0
25.4493566,-80.41081,0,0
25.4493569,-80.4108043,0,0
25.4493583,-80.4107816,0,0
25.4493583,-80.4107816,0,0
25.4493603,-80.4107646,0,0
25.4493616,-80.4107533,0,0
25.4493619,-80.4107476,0,0
25.4493633,-80.410725,0,0
25.4493633,-80.410725,0,0
25.4493643,-80.410708,0,0
25.449365,-80.4106966,0,0
25.4493657,-80.4106909,0,0
25.4493683,-80.4106683,0,0
25.4493683,-80.4106683,0,0
25.4493693,-80.4106503,0,0
25.44937,-80.4106383,0,0
25.4493707,-80.4106326,0,0
25.4493733,-80.41061,0,0
25.4493733,-80.41061,0,0
25.4493753,-80.410592,0,0
25.4493766,-80.41058,0,0
25.4493773,-80.4105743,0,0
25.44938,-80.4105516,0,0
25.44938,-80.4105516,0,0
25.449382,-80.4105336,0,0
25.4493833,-80.4105216,0,0
25.449384,-80.4105156,0,0
25.4493866,-80.4104916,0,0
25.4493866,-80.4104916,0,0
25.4493886,-80.4104736,0,0
25.44939,-80.4104616,0,0
25.4493907,-80.4104556,0,0
25.4493933,-80.4104316,0,0
25.4493933,-80.4104316,0,0
25.4493963,-80.4104136,0,0
25.4493983,-80.4104016,0,0
25.449399,-80.4103953,0,0
25.4494016,-80.41037,0,0
25.4494016,-80.41037,0,0
25.4494046,-80.410352,0,0
25.4494066,-80.41034,0,0
25.4494073,-80.4103337,0,0
25.44941,-80.4103083,0,0
25.44941,-80.4103083,0,0
25.449413,-80.4102893,0,0
25.449415,-80.4102766,0,0
25.449416,-80.4102703,0,0
25.44942,-80.410245,0,0
25.44942,-80.410245,0,0
25.449423,-80.410226,0,0
25.449425,-80.4102133,0,0
25.4494263,-80.410207,0,0
25.4494316,-80.4101816,0,0
25.4494316,-80.4101816,0,0
25.4494346,-80.4101626,0,0
25.4494366,-80.41015,0,0
25.4494379,-80.4101437,0,0
25.4494433,-80.4101183,0,0
25.4494433,-80.4101183,0,0
25.4494473,-80.4100983,SPLIT:Exit of 8,0
25.44945,-80.410085,0,0
25.4494513,-80.4100783,0,0
25.4494566,-80.4100516,0,0
25.4494566,-80.4100516,0,0
25.4494606,-80.4100326,0,0
25.4494633,-80.41002,0,0
25.4494646,-80.4100133,0,0
25.44947,-80.4099866,0,0
25.44947,-80.4099866,0,0
25.449474,-80.4099666,0,0
25.4494766,-80.4099533,0,0
25.4494783,-80.4099466,0,0
25.449485,-80.40992,0,0
25.449485,-80.40992,0,0
25.449489,-80.4099,0,0
25.4494916,-80.4098866,0,0
25.4494933,-80.4098796,0,0
25.4495,-80.4098516,0,0
25.4495,-80.4098516,0,0
25.449505,-80.4098316,0,0
25.4495083,-80.4098183,0,0
25.44951,-80.4098113,0,0
25.4495166,-80.4097833,0,0
25.4495166,-80.4097833,0,0
25.4495216,-80.4097633,0,0
25.449525,-80.40975,0,0
25.4495267,-80.409743,0,0
25.4495333,-80.409715,0,0
25.4495333,-80.409715,0,0
25.4495383,-80.409694,0,0
25.4495416,-80.40968,0,0
25.4495436,-80.409673,0,0
25.4495516,-80.409645,0,0
25.4495516,-80.409645,0,0
25.4495566,-80.409624,0,0
25.44956,-80.40961,0,0
25.449562,-80.409603,0,0
25.44957,-80.409575,0,0
25.44957,-80.409575,0,0
25.449576,-80.409554,0,0
25.44958,-80.40954,0,0
25.449582,-80.409533,0,0
25.44959,-80.409505,0,0
25.44959,-80.409505,0,0
25.449597,-80.409484,0,0
25.4496016,-80.40947,0,0
25.4496036,-80.409463,0,0
25.4496116,-80.409435,0,0
25.4496116,-80.409435,0,0
25.4496186,-80.409413,0,0
25.4496233,-80.4093983,0,0
25.4496256,-80.4093913,0,0
25.449635,-80.4093633,0,0
25.449635,-80.4093633,0,0
25.449642,-80.4093413,0,0
25.4496466,-80.4093266,0,0
25.4496493,-80.4093196,0,0
25.44966,-80.4092916,0,0
25.44966,-80.4092916,0,0
25.449667,-80.4092696,0,0
25.4496716,-80.409255,0,0
25.4496739,-80.4092477,0,0
25.4496833,-80.4092183,0,0
25.4496833,-80.4092183,0,0
25.4496913,-80.4091963,0,0
25.4496966,-80.4091816,0,0
25.4496993,-80.4091746,0,0
25.44971,-80.4091466,0,0
25.44971,-80.4091466,0,0
25.449718,-80.4091246,0,0
25.4497233,-80.40911,0,0
25.449726,-80.4091027,0,0
25.4497366,-80.4090733,0,0
25.4497366,-80.4090733,0,0
25.4497446,-80.4090513,0,0
25.44975,-80.4090366,0,0
25.449753,-80.4090293,0,0
25.449765,-80.409,0,0
25.449765,-80.409,0,0
25.449773,-80.408978,0,0
25.4497783,-80.4089633,0,0
25.4497813,-80.408956,0,0
25.4497933,-80.4089266,0,0
25.4497933,-80.4089266,0,0
25.4498013,-80.4089046,0,0
25.4498066,-80.40889,0,0
25.4498096,-80.4088827,0,0
25.4498216,-80.4088533,0,0
25.4498216,-80.4088533,0,0
25.4498306,-80.4088313,0,0
25.4498366,-80.4088166,0,0
25.4498396,-80.4088093,0,0
25.4498516,-80.40878,0,0
25.4498516,-80.40878,0,0
25.4498606,-80.408758,0,0
25.4498666,-80.4087433,0,0
25.4498696,-80.408736,0,0
25.4498816,-80.4087066,0,0
25.4498816,-80.4087066,0,0
25.4498906,-80.4086846,0,0
25.4498966,-80.40867,0,0
25.4498999,-80.4086623,0,0
25.4499133,-80.4086316,0,0
25.4499133,-80.4086316,0,0
25.4499223,-80.4086096,0,0
25.4499283,-80.408595,0,0
25.4499316,-80.4085877,0,0
25.449945,-80.4085583,0,0
25.449945,-80.4085583,0,0
25.449955,-80.4085353,0,0
25.4499616,-80.40852,0,0
25.4499646,-80.4085127,0,0
25.4499766,-80.4084833,0,0
25.4499766,-80.4084833,0,0
25.4499866,-80.4084603,0,0
25.4499933,-80.408445,0,0
25.4499966,-80.4084373,0,0
25.45001,-80.4084066,0,0
25.45001,-80.4084066,0,0
25.45002,-80.4083846,0,0
25.4500266,-80.40837,0,0
25.4500299,-80.4083623,0,0
25.4500433,-80.4083316,0,0
25.4500433,-80.4083316,0,0
25.4500533,-80.4083086,0,0
25.45006,-80.4082933,0,0
25.4500633,-80.4082856,0,0
25.4500766,-80.408255,0,0
25.4500766,-80.408255,0,0
25.4500866,-80.408232,0,0
25.4500933,-80.4082166,0,0
25.4500966,-80.4082089,0,0
25.45011,-80.4081783,0,0
25.45011,-80.4081783,0,0
25.45012,-80.4081553,0,0
25.4501266,-80.40814,0,0
25.4501303,-80.4081323,0,0
25.450145,-80.4081016,0,0
25.450145,-80.4081016,0,0
25.450155,-80.4080786,0,0
25.4501616,-80.4080633,0,0
25.4501653,-80.4080556,0,0
25.45018,-80.408025,0,0
25.45018,-80.408025,0,0
25.45019,-80.408002,0,0
25.4501966,-80.4079866,0,0
25.4502003,-80.4079786,0,0
25.450215,-80.4079466,0,0
25.450215,-80.4079466,0,0
25.450225,-80.4079236,0,0
25.4502316,-80.4079083,0,0
25.4502353,-80.4079003,0,0
25.45025,-80.4078683,0,0
25.45025,-80.4078683,0,0
25.450261,-80.4078453,0,0
25.4502683,-80.40783,0,0
25.4502716,-80.407822,0,0
25.450285,-80.40779,0,0
25.450285,-80.40779,0,0
25.450296,-80.407767,0,0
25.4503033,-80.4077516,0,0
25.450307,-80.4077436,0,0
25.4503216,-80.4077116,0,0
25.4503216,-80.4077116,0,0
25.4503316,-80.4076876,0,0
25.4503383,-80.4076716,0,0
25.450342,-80.4076636,0,0
25.4503566,-80.4076316,0,0
25.4503566,-80.4076316,0,0
25.4503676,-80.4076076,0,0
25.450375,-80.4075916,0,0
25.4503787,-80.4075836,0,0
25.4503933,-80.4075516,0,0
25.4503933,-80.4075516,0,0
25.4504033,-80.4075276,0,0
25.45041,-80.4075116,0,0
25.4504137,-80.4075033,0,0
25.4504283,-80.40747,0,0
25.4504283,-80.40747,0,0
25.4504393,-80.407446,0,0
25.4504466,-80.40743,0,0
25.4504503,-80.407422,0,0
25.450465,-80.40739,0,0
25.450465,-80.40739,0,0
25.450476,-80.407365,0,0
25.4504833,-80.4073483,0,0
25.450487,-80.4073403,0,0
25.4505016,-80.4073083,0,0
25.4505016,-80.4073083,0,0
25.4505136,-80.4072843,0,0
25.4505216,-80.4072683,0,0
25.4505253,-80.40726,0,0
25.45054,-80.4072266,0,0
25.45054,-80.4072266,0,0
25.450551,-80.4072016,0,0
25.4505583,-80.407185,0,0
25.450562,-80.407177,0,0
25.4505766,-80.407145,0,0
25.4505766,-80.407145,0,0
25.4505886,-80.40712,0,0
25.4505966,-80.4071033,0,0
25.4506003,-80.407095,0,0
25.450615,-80.4070616,0,0
25.450615,-80.4070616,0,0
25.450626,-80.4070366,0,0
25.4506333,-80.40702,0,0
25.450637,-80.4070117,0,0
25.4506516,-80.4069783,0,0
25.4506516,-80.4069783,0,0
25.4506636,-80.4069533,0,0
25.4506716,-80.4069366,0,0
25.4506753,-80.4069283,0,0
25.45069,-80.406895,0,0
25.45069,-80.406895,0,0
25.450701,-80.40687,0,0
25.4507083,-80.4068533,0,0
25.4507123,-80.406845,0,0
25.4507283,-80.4068116,0,0
25.4507283,-80.4068116,0,0
25.4507393,-80.4067866,0,0
25.4507466,-80.40677,0,0
25.4507506,-80.4067613,0,0
25.4507666,-80.4067266,0,0
25.4507666,-80.4067266,0,0
25.4507776,-80.4067016,0,0
25.450785,-80.406685,0,0
25.450789,-80.4066763,0,0
25.450805,-80.4066416,0,0
25.450805,-80.4066416,0,0
25.450816,-80.4066166,0,0
25.4508233,-80.4066,0,0
25.4508273,-80.4065913,0,0
25.4508433,-80.4065566,0,0
25.4508433,-80.4065566,0,0
25.4508543,-80.4065316,0,0
25.4508616,-80.406515,0,0
25.4508656,-80.4065063,0,0
25.4508816,-80.4064716,0,0
25.4508816,-80.4064716,0,0
25.4508936,-80.4064456,SPLIT:Into Oval,0
25.4509016,-80.4064283,0,0
25.4509056,-80.40642,0,0
25.4509216,-80.4063866,0,0
25.4509216,-80.4063866,0,0
25.4509336,-80.4063606,0,0
25.4509416,-80.4063433,0,0
25.4509456,-80.4063346,0,0
25.4509616,-80.4063,0,0
25.4509616,-80.4063,0,0
25.4509736,-80.406275,0,0
25.4509816,-80.4062583,0,0
25.4509859,-80.4062496,0,0
25.4510033,-80.406215,0,0
25.4510033,-80.406215,0,0
25.4510153,-80.406189,0,0
25.4510233,-80.4061716,0,0
25.4510276,-80.4061633,0,0
25.451045,-80.40613,0,0
25.451045,-80.40613,0,0
25.451058,-80.406104,0,0
25.4510666,-80.4060866,0,0
25.4510709,-80.4060779,0,0
25.4510883,-80.4060433,0,0
25.4510883,-80.4060433,0,0
25.4511013,-80.4060183,0,0
25.45111,-80.4060016,0,0
25.4511143,-80.4059929,0,0
25.4511316,-80.4059583,0,0
25.4511316,-80.4059583,0,0
25.4511446,-80.4059333,0,0
25.4511533,-80.4059166,0,0
25.451158,-80.4059079,0,0
25.4511766,-80.4058733,0,0
25.4511766,-80.4058733,0,0
25.4511896,-80.4058483,0,0
25.4511983,-80.4058316,0,0
25.451203,-80.4058229,0,0
25.4512216,-80.4057883,0,0
25.4512216,-80.4057883,0,0
25.4512356,-80.4057633,0,0
25.451245,-80.4057466,0,0
25.4512497,-80.4057383,0,0
25.4512683,-80.405705,0,0
25.4512683,-80.405705,0,0
25.4512833,-80.40568,0,0
25.4512933,-80.4056633,0,0
25.451298,-80.405655,0,0
25.4513166,-80.4056216,0,0
25.4513166,-80.4056216,0,0
25.4513316,-80.4055966,0,0
25.4513416,-80.40558,0,0
25.4513469,-80.4055717,0,0
25.4513683,-80.4055383,0,0
25.4513683,-80.4055383,0,0
25.4513833,-80.4055133,0,0
25.4513933,-80.4054966,0,0
25.4513986,-80.4054886,0,0
25.45142,-80.4054566,0,0
25.45142,-80.4054566,0,0
25.451436,-80.4054326,0,0
25.4514466,-80.4054166,0,0
25.4514523,-80.4054086,0,0
25.451475,-80.4053766,0,0
25.451475,-80.4053766,0,0
25.451492,-80.4053526,0,0
25.4515033,-80.4053366,0,0
25.451509,-80.4053289,0,0
25.4515316,-80.4052983,0,0
25.4515316,-80.4052983,0,0
25.4515486,-80.4052743,0,0
25.45156,-80.4052583,0,0
25.451566,-80.4052506,0,0
25.45159,-80.40522,0,0
25.45159,-80.40522,0,0
25.451609,-80.405198,START:Oval,0
25.4516216,-80.4051833,0,0
25.4516276,-80.4051756,0,0
25.4516516,-80.405145,0,0
25.4516516,-80.405145,0,0
25.4516706,-80.405123,0,0
25.4516833,-80.4051083,0,0
25.4516896,-80.405101,0,0
25.451715,-80.4050716,0,0
25.451715,-80.4050716,0,0
25.451735,-80.4050496,0,0
25.4517483,-80.405035,0,0
25.451755,-80.405028,0,0
25.4517816,-80.405,0,0
25.4517816,-80.405,0,0
25.4518016,-80.404978,0,0
25.451815,-80.4049633,0,0
25.4518217,-80.4049563,0,0
25.4518483,-80.4049283,0,0
25.4518483,-80.4049283,0,0
25.4518683,-80.4049073,0,0
25.4518816,-80.4048933,0,0
25.4518886,-80.4048866,0,0
25.4519166,-80.40486,0,0
25.4519166,-80.40486,0,0
25.4519376,-80.404839,0,0
25.4519516,-80.404825,0,0
25.4519586,-80.4048187,0,0
25.4519866,-80.4047933,0,0
25.4519866,-80.4047933,0,0
25.4520086,-80.4047753,0,0
25.4520233,-80.4047633,0,0
25.452031,-80.404757,0,0
25.4520616,-80.4047316,0,0
25.4520616,-80.4047316,0,0
25.4520836,-80.4047136,0,0
25.4520983,-80.4047016,0,0
25.452106,-80.4046959,0,0
25.4521366,-80.4046733,0,0
25.4521366,-80.4046733,0,0
25.4521606,-80.4046563,0,0
25.4521766,-80.404645,0,0
25.4521846,-80.4046393,0,0
25.4522166,-80.4046166,0,0
25.4522166,-80.4046166,0,0
25.4522406,-80.4046006,0,0
25.4522566,-80.40459,0,0
25.4522646,-80.4045847,0,0
25.4522966,-80.4045633,0,0
25.4522966,-80.4045633,0,0
25.4523206,-80.4045493,0,0
25.4523366,-80.40454,0,0
25.4523449,-80.4045357,0,0
25.4523783,-80.4045183,0,0
25.4523783,-80.4045183,0,0
25.4524043,-80.4045053,0,0
25.4524216,-80.4044966,0,0
25.4524303,-80.4044926,0,0
25.452465,-80.4044766,0,0
25.452465,-80.4044766,0,0
25.452491,-80.4044656,0,0
25.4525083,-80.4044583,0,0
25.452517,-80.4044546,0,0
25.4525516,-80.40444,0,0
25.4525516,-80.40444,0,0
25.4525786,-80.404431,0,0
25.4525966,-80.404425,0,0
25.4526056,-80.404422,0,0
25.4526416,-80.40441,0,0
25.4526416,-80.40441,0,0
25.4526686,-80.404401,0,0
25.4526866,-80.404395,0,0
25.4526956,-80.4043927,0,0
25.4527316,-80.4043833,0,0
25.4527316,-80.4043833,0,0
25.4527586,-80.4043763,0,0
25.4527766,-80.4043716,0,0
25.4527856,-80.4043696,0,0
25.4528216,-80.4043616,0,0
25.4528216,-80.4043616,0,0
25.4528496,-80.4043576,0,0
25.4528683,-80.404355,0,0
25.4528776,-80.4043537,0,0
25.452915,-80.4043483,0,0
25.452915,-80.4043483,0,0
25.452943,-80.4043443,0,0
25.4529616,-80.4043416,0,0
25.4529709,-80.4043409,0,0
25.4530083,-80.4043383,0,0
25.4530083,-80.4043383,0,0
25.4530363,-80.4043363,0,0
25.453055,-80.404335,0,0
25.4530647,-80.4043347,0,0
25.4531033,-80.4043333,0,0
25.4531033,-80.4043333,0,0
25.4531313,-80.4043333,0,0
25.45315,-80.4043333,0,0
25.4531593,-80.4043333,0,0
25.4531966,-80.4043333,0,0
25.4531966,-80.4043333,0,0
25.4532246,-80.4043353,0,0
25.4532433,-80.4043366,0,0
25.4532526,-80.4043373,0,0
25.45329,-80.40434,0,0
25.45329,-80.40434,0,0
25.453318,-80.404344,0,0
25.4533366,-80.4043466,0,0
25.4533459,-80.4043479,0,0
25.4533833,-80.4043533,0,0
25.4533833,-80.4043533,0,0
25.4534113,-80.4043583,0,0
25.45343,-80.4043616,0,0
25.453439,-80.4043636,0,0
25.453475,-80.4043716,0,0
25.453475,-80.4043716,0,0
25.453503,-80.4043786,0,0
25.4535216,-80.4043833,0,0
25.4535306,-80.404386,0,0
25.4535666,-80.4043966,0,0
25.4535666,-80.4043966,0,0
25.4535936,-80.4044046,0,0
25.4536116,-80.40441,0,0
25.4536206,-80.404413,0,0
25.4536566,-80.404425,0,0
25.4536566,-80.404425,0,0
25.4536836,-80.404436,0,0
25.4537016,-80.4044433,0,0
25.4537103,-80.404447,0,0
25.453745,-80.4044616,0,0
25.453745,-80.4044616,0,0
25.453771,-80.4044736,0,0
25.4537883,-80.4044816,0,0
25.4537973,-80.4044859,0,0
25.4538333,-80.4045033,0,0
25.4538333,-80.4045033,0,0
25.4538583,-80.4045173,0,0
25.453875,-80.4045266,0,0
25.4538833,-80.4045313,0,0
25.4539166,-80.40455,0,0
25.4539166,-80.40455,0,0
25.4539416,-80.404566,0,0
25.4539583,-80.4045766,0,0
25.4539666,-80.4045819,0,0
25.454,-80.4046033,0,0
25.454,-80.4046033,0,0
25.454024,-80.4046193,0,0
25.45404,-80.40463,SPLIT:Mid Oval,0
25.454048,-80.4046357,0,0
25.45408,-80.4046583,0,0
25.45408,-80.4046583,0,0
25.454104,-80.4046763,0,0
25.45412,-80.4046883,0,0
25.4541277,-80.4046946,0,0
25.4541583,-80.40472,0,0
25.4541583,-80.40472,0,0
25.4541803,-80.40474,0,0
25.454195,-80.4047533,0,0
25.4542023,-80.40476,0,0
25.4542316,-80.4047866,0,0
25.4542316,-80.4047866,0,0
25.4542526,-80.4048076,0,0
25.4542666,-80.4048216,0,0
25.4542736,-80.4048286,0,0
25.4543016,-80.4048566,0,0
25.4543016,-80.4048566,0,0
25.4543216,-80.4048786,0,0
25.454335,-80.4048933,0,0
25.4543413,-80.404901,0,0
25.4543666,-80.4049316,0,0
25.4543666,-80.4049316,0,0
25.4543856,-80.4049546,0,0
25.4543983,-80.40497,0,0
25.454405,-80.404978,0,0
25.4544316,-80.40501,0,0
25.4544316,-80.40501,0,0
25.4544496,-80.405035,0,0
25.4544616,-80.4050516,0,0
25.4544676,-80.4050599,0,0
25.4544916,-80.4050933,0,0
25.4544916,-80.4050933,0,0
25.4545076,-80.4051193,0,0
25.4545183,-80.4051366,0,0
25.454524,-80.4051453,0,0
25.4545466,-80.40518,0,0
25.4545466,-80.40518,0,0
25.4545616,-80.405207,0,0
25.4545716,-80.405225,0,0
25.4545766,-80.405234,0,0
25.4545966,-80.40527,0,0
25.4545966,-80.40527,0,0
25.4546116,-80.405298,0,0
25.4546216,-80.4053166,0,0
25.4546263,-80.4053259,0,0
25.454645,-80.4053633,0,0
25.454645,-80.4053633,0,0
25.454658,-80.4053923,0,0
25.4546666,-80.4054116,0,0
25.4546709,-80.4054213,0,0
25.4546883,-80.40546,0,0
25.4546883,-80.40546,0,0
25.4547003,-80.405489,0,0
25.4547083,-80.4055083,0,0
25.4547123,-80.4055183,0,0
25.4547283,-80.4055583,0,0
25.4547283,-80.4055583,0,0
25.4547373,-80.4055883,0,0
25.4547433,-80.4056083,0,0
25.4547463,-80.405618,0,0
25.4547583,-80.4056566,0,0
25.4547583,-80.4056566,0,0
25.4547673,-80.4056876,0,0
25.4547733,-80.4057083,0,0
25.454776,-80.4057183,0,0
25.4547866,-80.4057583,0,0
25.4547866,-80.4057583,0,0
25.4547936,-80.4057893,0,0
25.4547983,-80.40581,0,0
25.4548006,-80.4058203,0,0
25.45481,-80.4058616,0,0
25.45481,-80.4058616,0,0
25.454816,-80.4058926,0,0
25.45482,-80.4059133,0,0
25.454822,-80.405924,0,0
25.45483,-80.4059666,0,0
25.45483,-80.4059666,0,0
25.454836,-80.4059976,0,0
25.45484,-80.4060183,0,0
25.454841,-80.406029,0,0
25.454845,-80.4060716,0,0
25.454845,-80.4060716,0,0
25.454849,-80.4061036,0,0
25.4548516,-80.406125,0,0
25.4548523,-80.4061357,0,0
25.454855,-80.4061783,0,0
25.454855,-80.4061783,0,0
25.454857,-80.4062093,0,0
25.4548583,-80.40623,0,0
25.4548586,-80.4062407,0,0
25.45486,-80.4062833,0,0
25.45486,-80.4062833,0,0
25.454861,-80.4063153,0,0
25.4548616,-80.4063366,0,0
25.4548616,-80.4063473,0,0
25.4548616,-80.40639,0,0
25.4548616,-80.40639,0,0
25.4548616,-80.406422,0,0
25.4548616,-80.4064433,0,0
25.4548613,-80.406454,0,0
25.45486,-80.4064966,0,0
25.45486,-80.4064966,0,0
25.454859,-80.4065296,0,0
25.4548583,-80.4065516,0,0
25.4548576,-80.4065623,0,0
25.454855,-80.406605,0,0
25.454855,-80.406605,0,0
25.454852,-80.406636,0,0
25.45485,-80.4066566,0,0
25.454849,-80.4066673,0,0
25.454845,-80.40671,0,0
25.454845,-80.40671,0,0
25.454841,-80.406742,0,0
25.4548383,-80.4067633,0,0
25.454837,-80.406774,0,0
25.4548316,-80.4068166,0,0
25.4548316,-80.4068166,0,0
25.4548266,-80.4068476,0,0
25.4548233,-80.4068683,0,0
25.4548216,-80.406879,0,0
25.454815,-80.4069216,0,0
25.454815,-80.4069216,0,0
25.45481,-80.4069526,0,0
25.4548066,-80.4069733,0,0
25.4548046,-80.406984,0,0
25.4547966,-80.4070266,0,0
25.4547966,-80.4070266,0,0
25.4547906,-80.4070576,0,0
25.4547866,-80.4070783,0,0
25.4547843,-80.4070886,0,0
25.454775,-80.40713,0,0
25.454775,-80.40713,0,0
25.454767,-80.407161,0,0
25.4547616,-80.4071816,0,0
25.4547589,-80.4071916,0,0
25.4547483,-80.4072316,0,0
25.4547483,-80.4072316,0,0
25.4547403,-80.4072626,0,0
25.454735,-80.4072833,0,0
25.454732,-80.4072936,0,0
25.45472,-80.407335,0,0
25.45472,-80.407335,0,0
25.454711,-80.407366,0,0
25.454705,-80.4073866,0,0
25.454702,-80.4073966,0,0
25.45469,-80.4074366,0,0
25.45469,-80.4074366,0,0
25.454681,-80.4074666,0,0
25.454675,-80.4074866,0,0
25.4546717,-80.4074969,0,0
25.4546583,-80.4075383,0,0
25.4546583,-80.4075383,0,0
25.4546483,-80.4075683,0,0
25.4546416,-80.4075883,0,0
25.4546379,-80.4075983,0,0
25.4546233,-80.4076383,0,0
25.4546233,-80.4076383,0,0
25.4546133,-80.4076683,0,0
25.4546066,-80.4076883,0,0
25.4546029,-80.407698,0,0
25.4545883,-80.4077366,0,0
25.4545883,-80.4077366,0,0
25.4545773,-80.4077666,0,0
25.45457,-80.4077866,0,0
25.4545667,-80.4077966,0,0
25.4545533,-80.4078366,0,0
25.4545533,-80.4078366,0,0
25.4545423,-80.4078666,0,0
25.454535,-80.4078866,0,0
25.4545313,-80.4078966,0,0
25.4545166,-80.4079366,0,0
25.4545166,-80.4079366,0,0
25.4545056,-80.4079656,STOP,0
25.4544983,-80.407985,0,0
25.4544946,-80.407995,0,0
25.45448,-80.408035,0,0
25.45448,-80.408035,0,0
25.454468,-80.408065,0,0
25.45446,-80.408085,0,0
25.4544563,-80.4080947,0,0
25.4544416,-80.4081333,0,0
25.4544416,-80.4081333,0,0
25.4544306,-80.4081633,0,0
25.4544233,-80.4081833,0,0
25.4544196,-80.4081933,0,0
25.454405,-80.4082333,0,0
25.454405,-80.4082333,0,0
25.454393,-80.4082623,0,0
25.454385,-80.4082816,0,0
25.454381,-80.4082916,0,0
25.454365,-80.4083316,0,0
25.454349,-80.4083703,0,0
25.454345,-80.40838,0,0
25.454337,-80.4084,0,0
25.454325,-80.40843,0,0
25.454325,-80.40843,0,0
25.454325,-80.40843,0,0
25.454313,-80.408459,0,0
25.454305,-80.4084783,0,0
25.454301,-80.4084883,SPLIT:Oval Exit,0
25.454285,-80.4085283,0,0
25.454285,-80.4085283,0,0
25.454273,-80.4085573,0,0
25.454265,-80.4085766,0,0
25.454261,-80.4085863,0,0
25.454245,-80.408625,0,0
25.454245,-80.408625,0,0
25.454232,-80.408655,0,0
25.4542233,-80.408675,0,0
25.454219,-80.4086847,0,0
25.4542016,-80.4087233,0,0
25.4542016,-80.4087233,0,0
25.4541896,-80.4087523,0,0
25.4541816,-80.4087716,0,0
25.4541773,-80.4087816,0,0
25.45416,-80.4088216,0,0
25.45416,-80.4088216,0,0
25.454147,-80.4088506,0,0
25.4541383,-80.40887,0,0
25.454134,-80.4088797,0,0
25.4541166,-80.4089183,0,0
25.4541166,-80.4089183,0,0
25.4541046,-80.4089473,0,0
25.4540966,-80.4089666,0,0
25.4540923,-80.4089763,0,0
25.454075,-80.409015,0,0
25.454075,-80.409015,0,0
25.454062,-80.409045,0,0
25.4540533,-80.409065,0,0
25.454049,-80.4090747,0,0
25.4540316,-80.4091133,0,0
25.4540316,-80.4091133,0,0
25.4540186,-80.4091423,0,0
25.45401,-80.4091616,0,0
25.4540057,-80.4091716,0,0
25.4539883,-80.4092116,0,0
25.4539883,-80.4092116,0,0
25.4539753,-80.4092406,0,0
25.4539666,-80.40926,0,0
25.4539623,-80.4092697,0,0
25.453945,-80.4093083,0,0
25.453945,-80.4093083,0,0
25.453932,-80.4093373,0,0
25.4539233,-80.4093566,0,0
25.453919,-80.4093666,0,0
25.4539016,-80.4094066,0,0
25.4539016,-80.4094066,0,0
25.4538876,-80.4094356,0,0
25.4538783,-80.409455,0,0
25.453874,-80.4094647,0,0
25.4538566,-80.4095033,0,0
25.4538566,-80.4095033,0,0
25.4538436,-80.4095323,0,0
25.453835,-80.4095516,0,0
25.4538303,-80.4095616,0,0
25.4538116,-80.4096016,0,0
25.4538116,-80.4096016,0,0
25.4537986,-80.4096306,0,0
25.45379,-80.40965,0,0
