GPS Latitude,GPS Longitude,Sections,GPS Speed,Pittsburg Full Course
40.8509033,-80.347335,0:-300:-200,102.7
40.8509033,-80.347335,0,0
40.8509033,-80.347335,0,0
40.8509033,-80.347335,0,0
40.8508933,-80.347366,0,0
40.8508866,-80.3473866,0,0
40.8508833,-80.3473966,0,0
40.85087,-80.3474366,0,0
40.85087,-80.3474366,0,0
40.850861,-80.3474676,0,0
40.850855,-80.3474883,0,0
40.8508517,-80.3474986,0,0
40.8508383,-80.34754,0,0
40.8508383,-80.34754,0,0
40.8508293,-80.347571,0,0
40.8508233,-80.3475916,0,0
40.85082,-80.3476019,0,0
40.8508066,-80.3476433,0,0
40.8508066,-80.3476433,0,0
40.8507976,-80.3476743,0,0
40.8507916,-80.347695,0,0
40.8507883,-80.3477053,0,0
40.850775,-80.3477466,0,0
40.850775,-80.3477466,0,0
40.850766,-80.3477776,0,0
40.85076,-80.3477983,0,0
40.850757,-80.347809,0,0
40.850745,-80.3478516,0,0
40.850745,-80.3478516,0,0
40.850735,-80.3478826,0,0
40.8507283,-80.3479033,0,0
40.8507253,-80.347914,0,0
40.8507133,-80.3479566,0,0
40.8507133,-80.3479566,0,0
40.8507033,-80.3479886,0,0
40.8506966,-80.34801,0,0
40.8506936,-80.3480203,0,0
40.8506816,-80.3480616,0,0
40.8506816,-80.3480616,0,0
40.8506716,-80.3480936,0,0
40.850665,-80.348115,0,0
40.850662,-80.3481257,0,0
40.85065,-80.3481683,0,0
40.85065,-80.3481683,0,0
40.85064,-80.3482003,0,0
40.8506333,-80.3482216,0,0
40.8506303,-80.3482323,0,0
40.8506183,-80.348275,0,0
40.8506183,-80.348275,0,0
40.8506083,-80.348307,0,0
40.8506016,-80.3483283,0,0
40.8505986,-80.3483393,0,0
40.8505866,-80.3483833,0,0
40.8505866,-80.3483833,0,0
40.8505766,-80.3484153,0,0
40.85057,-80.3484366,0,0
40.8505667,-80.3484473,0,0
40.8505533,-80.34849,0,0
40.8505533,-80.34849,0,0
40.8505433,-80.348522,0,0
40.8505366,-80.3485433,0,0
40.8505333,-80.3485543,0,0
40.85052,-80.3485983,0,0
40.85052,-80.3485983,0,0
40.85051,-80.3486303,0,0
40.8505033,-80.3486516,0,0
40.8505,-80.3486623,0,0
40.8504866,-80.348705,0,0
40.8504866,-80.348705,0,0
40.8504766,-80.348738,0,0
40.85047,-80.34876,0,0
40.8504667,-80.3487707,0,0
40.8504533,-80.3488133,0,0
40.8504533,-80.3488133,0,0
40.8504433,-80.3488463,0,0
40.8504366,-80.3488683,0,0
40.8504333,-80.3488793,0,0
40.85042,-80.3489233,0,0
40.85042,-80.3489233,0,0
40.85041,-80.3489553,0,0
40.8504033,-80.3489766,0,0
40.8504,-80.3489876,0,0
40.8503866,-80.3490316,0,0
40.8503866,-80.3490316,0,0
40.8503756,-80.3490636,0,0
40.8503683,-80.349085,0,0
40.850365,-80.349096,0,0
40.8503516,-80.34914,0,0
40.8503516,-80.34914,0,0
40.8503406,-80.349172,SPLIT:Into 1,0
40.8503333,-80.3491933,0,0
40.8503296,-80.3492043,0,0
40.850315,-80.3492483,0,0
40.850315,-80.3492483,0,0
40.850305,-80.3492813,0,0
40.8502983,-80.3493033,0,0
40.8502946,-80.3493143,0,0
40.85028,-80.3493583,0,0
40.85028,-80.3493583,0,0
40.850269,-80.3493913,0,0
40.8502616,-80.3494133,0,0
40.8502583,-80.349424,0,0
40.850245,-80.3494666,0,0
40.850245,-80.3494666,0,0
40.850234,-80.3494996,0,0
40.8502266,-80.3495216,0,0
40.8502233,-80.3495323,0,0
40.85021,-80.349575,START:Turn 1,0
40.85021,-80.349575,0,0
40.8502,-80.349607,0,0
40.8501933,-80.3496283,0,0
40.85019,-80.3496386,0,0
40.8501766,-80.34968,0,0
40.8501766,-80.34968,0,0
40.8501656,-80.349711,0,0
40.8501583,-80.3497316,0,0
40.850155,-80.3497419,0,0
40.8501416,-80.3497833,0,0
40.8501416,-80.3497833,0,0
40.8501316,-80.3498133,0,0
40.850125,-80.3498333,0,0
40.850122,-80.349843,0,0
40.85011,-80.3498816,0,0
40.85011,-80.3498816,0,0
40.8501,-80.3499116,0,0
40.8500933,-80.3499316,0,0
40.85009,-80.3499413,0,0
40.8500766,-80.34998,0,0
40.8500766,-80.34998,0,0
40.8500676,-80.350009,0,0
40.8500616,-80.3500283,0,0
40.8500583,-80.3500376,0,0
40.850045,-80.350075,0,0
40.850045,-80.350075,0,0
40.850036,-80.350102,0,0
40.85003,-80.35012,0,0
40.850027,-80.3501287,0,0
40.850015,-80.3501633,0,0
40.850015,-80.3501633,0,0
40.850006,-80.3501893,0,0
40.85,-80.3502066,0,0
40.849997,-80.3502149,0,0
40.849985,-80.3502483,0,0
40.849985,-80.3502483,0,0
40.849977,-80.3502733,0,0
40.8499716,-80.35029,0,0
40.8499686,-80.3502977,0,0
40.8499566,-80.3503283,0,0
40.8499566,-80.3503283,0,0
40.8499486,-80.3503523,0,0
40.8499433,-80.3503683,0,0
40.8499406,-80.3503756,0,0
40.84993,-80.350405,0,0
40.84993,-80.350405,0,0
40.849923,-80.350428,0,0
40.8499183,-80.3504433,0,0
40.8499156,-80.3504506,0,0
40.849905,-80.35048,0,0
40.849905,-80.35048,0,0
40.849897,-80.350502,0,0
40.8498916,-80.3505166,0,0
40.8498893,-80.3505236,0,0
40.84988,-80.3505516,0,0
40.84988,-80.3505516,0,0
40.849872,-80.3505736,0,0
40.8498666,-80.3505883,0,0
40.8498639,-80.3505953,0,0
40.8498533,-80.3506233,0,0
40.8498533,-80.3506233,0,0
40.8498443,-80.3506443,0,0
40.8498383,-80.3506583,0,0
40.8498356,-80.3506653,0,0
40.849825,-80.3506933,0,0
40.849825,-80.3506933,0,0
40.849816,-80.3507133,0,0
40.84981,-80.3507266,0,0
40.8498067,-80.3507333,0,0
40.8497933,-80.35076,0,0
40.8497933,-80.35076,0,0
40.8497843,-80.350779,0,0
40.8497783,-80.3507916,0,0
40.8497753,-80.3507979,0,0
40.8497633,-80.3508233,0,0
40.8497633,-80.3508233,0,0
40.8497523,-80.3508413,0,0
40.849745,-80.3508533,0,0
40.8497413,-80.350859,0,0
40.8497266,-80.3508816,0,0
40.8497266,-80.3508816,0,0
40.8497156,-80.3508986,0,0
40.8497083,-80.35091,0,0
40.8497043,-80.3509157,0,0
40.8496883,-80.3509383,0,0
40.8496883,-80.3509383,0,0
40.8496753,-80.3509533,0,0
40.8496666,-80.3509633,0,0
40.8496626,-80.3509686,0,0
40.8496466,-80.35099,0,0
40.8496466,-80.35099,0,0
40.8496336,-80.351004,0,0
40.849625,-80.3510133,0,0
40.8496203,-80.351018,0,0
40.8496016,-80.3510366,0,0
40.8496016,-80.3510366,0,0
40.8495886,-80.3510496,0,0
40.84958,-80.3510583,0,0
40.8495753,-80.3510623,0,0
40.8495566,-80.3510783,0,0
40.8495566,-80.3510783,0,0
40.8495416,-80.3510893,0,0
40.8495316,-80.3510966,0,0
40.8495266,-80.3510999,0,0
40.8495066,-80.3511133,0,0
40.8495066,-80.3511133,0,0
40.8494906,-80.3511233,0,0
40.84948,-80.35113,0,0
40.8494747,-80.3511327,0,0
40.8494533,-80.3511433,0,0
40.8494533,-80.3511433,0,0
40.8494373,-80.3511513,0,0
40.8494266,-80.3511566,0,0
40.8494213,-80.3511589,0,0
40.8494,-80.3511683,0,0
40.8494,-80.3511683,0,0
40.849383,-80.3511753,0,0
40.8493716,-80.35118,0,0
40.8493656,-80.3511817,0,0
40.8493416,-80.3511883,0,0
40.8493416,-80.3511883,0,0
40.8493246,-80.3511933,0,0
40.8493133,-80.3511966,0,0
40.8493073,-80.3511983,0,0
40.8492833,-80.351205,0,0
40.8492833,-80.351205,0,0
40.8492653,-80.351208,0,0
40.8492533,-80.35121,0,0
40.8492473,-80.351211,0,0
40.8492233,-80.351215,0,0
40.8492233,-80.351215,0,0
40.8492053,-80.351217,0,0
40.8491933,-80.3512183,0,0
40.849187,-80.3512186,0,0
40.8491616,-80.35122,0,0
40.8491616,-80.35122,0,0
40.8491426,-80.351221,0,0
40.84913,-80.3512216,0,0
40.849124,-80.3512216,0,0
40.8491,-80.3512216,0,0
40.8491,-80.3512216,0,0
40.849081,-80.3512206,0,0
40.8490683,-80.35122,0,0
40.849062,-80.3512197,0,0
40.8490366,-80.3512183,0,0
40.8490366,-80.3512183,0,0
40.8490176,-80.3512173,0,0
40.849005,-80.3512166,0,0
40.8489983,-80.3512159,0,0
40.8489716,-80.3512133,0,0
40.8489716,-80.3512133,0,0
40.8489526,-80.3512103,0,0
40.84894,-80.3512083,0,0
40.8489337,-80.351207,0,0
40.8489083,-80.3512016,0,0
40.8489083,-80.3512016,0,0
40.8488893,-80.3511976,0,0
40.8488766,-80.351195,0,0
40.8488699,-80.3511937,0,0
40.8488433,-80.3511883,STOP,0
40.8488433,-80.3511883,0,0
40.8488243,-80.3511833,0,0
40.8488116,-80.35118,0,0
40.8488053,-80.3511783,0,0
40.84878,-80.3511716,0,0
40.84878,-80.3511716,0,0
40.84876,-80.3511666,0,0
40.8487466,-80.3511633,0,0
40.8487403,-80.3511616,0,0
40.848715,-80.351155,0,0
40.848715,-80.351155,0,0
40.848695,-80.351149,0,0
40.8486816,-80.351145,0,0
40.8486749,-80.351143,0,0
40.8486483,-80.351135,0,0
40.8486483,-80.351135,0,0
40.8486293,-80.351128,0,0
40.8486166,-80.3511233,0,0
40.8486099,-80.351121,0,0
40.8485833,-80.3511116,0,0
40.8485833,-80.3511116,0,0
40.8485633,-80.3511046,0,0
40.84855,-80.3511,0,0
40.8485433,-80.3510973,0,0
40.8485166,-80.3510866,0,0
40.8485166,-80.3510866,0,0
40.8484966,-80.3510796,0,0
40.8484833,-80.351075,0,0
40.8484766,-80.3510723,0,0
40.84845,-80.3510616,0,0
40.84845,-80.3510616,0,0
40.84843,-80.3510526,0,0
40.8484166,-80.3510466,0,0
40.8484099,-80.3510439,0,0
40.8483833,-80.3510333,0,0
40.8483833,-80.3510333,0,0
40.8483633,-80.3510233,0,0
40.84835,-80.3510166,0,0
40.8483437,-80.3510136,0,0
40.8483183,-80.3510016,0,0
40.8483183,-80.3510016,0,0
40.8482983,-80.3509906,0,0
40.848285,-80.3509833,0,0
40.8482787,-80.3509796,0,0
40.8482533,-80.350965,0,0
40.8482533,-80.350965,0,0
40.8482333,-80.350954,0,0
40.84822,-80.3509466,0,0
40.8482133,-80.3509426,0,0
40.8481866,-80.3509266,0,0
40.8481866,-80.3509266,0,0
40.8481676,-80.3509146,0,0
40.848155,-80.3509066,0,0
40.8481487,-80.3509023,0,0
40.8481233,-80.350885,0,0
40.8481233,-80.350885,0,0
40.8481033,-80.350872,0,0
40.84809,-80.3508633,0,0
40.8480837,-80.350859,0,0
40.8480583,-80.3508416,0,0
40.8480583,-80.3508416,0,0
40.8480403,-80.3508276,0,0
40.8480283,-80.3508183,0,0
40.848022,-80.3508136,0,0
40.8479966,-80.350795,0,0
40.8479966,-80.350795,0,0
40.8479776,-80.35078,0,0
40.847965,-80.35077,0,0
40.847959,-80.350765,0,0
40.847935,-80.350745,0,0
40.847935,-80.350745,0,0
40.847917,-80.35073,0,0
40.847905,-80.35072,0,0
40.8478987,-80.3507147,0,0
40.8478733,-80.3506933,0,0
40.8478733,-80.3506933,0,0
40.8478553,-80.3506773,0,0
40.8478433,-80.3506666,0,0
40.8478373,-80.3506613,0,0
40.8478133,-80.35064,0,0
40.8478133,-80.35064,0,0
40.8477953,-80.350624,0,0
40.8477833,-80.3506133,0,0
40.8477773,-80.3506076,0,0
40.8477533,-80.350585,0,0
40.8477533,-80.350585,0,0
40.8477353,-80.350568,0,0
40.8477233,-80.3505566,0,0
40.8477173,-80.3505506,0,0
40.8476933,-80.3505266,0,0
40.8476933,-80.3505266,0,0
40.8476763,-80.3505086,0,0
40.847665,-80.3504966,0,0
40.847659,-80.3504906,0,0
40.847635,-80.3504666,0,0
40.847635,-80.3504666,0,0
40.847617,-80.3504476,0,0
40.847605,-80.350435,0,0
40.8475993,-80.3504287,0,0
40.8475766,-80.3504033,SPLIT:Exit of 2,0
40.8475766,-80.3504033,0,0
40.8475586,-80.3503843,0,0
40.8475466,-80.3503716,0,0
40.8475406,-80.3503653,0,0
40.8475166,-80.35034,0,0
40.8475166,-80.35034,0,0
40.8474996,-80.35032,0,0
40.8474883,-80.3503066,0,0
40.8474823,-80.3502999,0,0
40.8474583,-80.3502733,0,0
40.8474583,-80.3502733,0,0
40.8474413,-80.3502543,0,0
40.84743,-80.3502416,0,0
40.8474243,-80.3502346,0,0
40.8474016,-80.3502066,0,0
40.8474016,-80.3502066,0,0
40.8473836,-80.3501866,0,0
40.8473716,-80.3501733,0,0
40.8473656,-80.3501663,0,0
40.8473416,-80.3501383,0,0
40.8473416,-80.3501383,0,0
40.8473246,-80.3501173,0,0
40.8473133,-80.3501033,0,0
40.8473073,-80.3500963,0,0
40.8472833,-80.3500683,0,0
40.8472833,-80.3500683,0,0
40.8472663,-80.3500473,0,0
40.847255,-80.3500333,0,0
40.847249,-80.350026,0,0
40.847225,-80.3499966,0,0
40.847225,-80.3499966,0,0
40.847208,-80.3499756,0,0
40.8471966,-80.3499616,0,0
40.8471906,-80.3499543,0,0
40.8471666,-80.349925,0,0
40.8471666,-80.349925,0,0
40.8471486,-80.349903,0,0
40.8471366,-80.3498883,0,0
40.8471309,-80.3498813,0,0
40.8471083,-80.3498533,0,0
40.8471083,-80.3498533,0,0
40.8470903,-80.3498313,0,0
40.8470783,-80.3498166,0,0
40.8470723,-80.3498093,0,0
40.8470483,-80.34978,0,0
40.8470483,-80.34978,0,0
40.8470303,-80.349758,0,0
40.8470183,-80.3497433,0,0
40.8470123,-80.349736,0,0
40.8469883,-80.3497066,0,0
40.8469883,-80.3497066,0,0
40.8469703,-80.3496846,0,0
40.8469583,-80.34967,0,0
40.8469523,-80.3496627,0,0
40.8469283,-80.3496333,0,0
40.8469283,-80.3496333,0,0
40.8469093,-80.3496113,0,0
40.8468966,-80.3495966,0,0
40.8468906,-80.3495889,0,0
40.8468666,-80.3495583,0,0
40.8468666,-80.3495583,0,0
40.8468476,-80.3495363,0,0
40.846835,-80.3495216,0,0
40.846829,-80.3495143,0,0
40.846805,-80.349485,0,0
40.846805,-80.349485,0,0
40.846786,-80.349462,0,0
40.8467733,-80.3494466,0,0
40.846767,-80.3494393,0,0
40.8467416,-80.34941,0,0
40.8467416,-80.34941,0,0
40.8467226,-80.349387,0,0
40.84671,-80.3493716,0,0
40.8467037,-80.3493643,0,0
40.8466783,-80.349335,0,0
40.8466783,-80.349335,0,0
40.8466593,-80.349312,0,0
40.8466466,-80.3492966,0,0
40.8466403,-80.3492893,0,0
40.846615,-80.34926,0,0
40.846615,-80.34926,0,0
40.846596,-80.349237,0,0
40.8465833,-80.3492216,0,0
40.846577,-80.3492139,0,0
40.8465516,-80.3491833,0,0
40.8465516,-80.3491833,0,0
40.8465326,-80.3491603,0,0
40.84652,-80.349145,0,0
40.8465133,-80.3491377,0,0
40.8464866,-80.3491083,0,0
40.8464866,-80.3491083,0,0
40.8464676,-80.3490843,0,0
40.846455,-80.3490683,0,0
40.8464487,-80.3490606,0,0
40.8464233,-80.34903,0,0
40.8464233,-80.34903,0,0
40.8464043,-80.349007,0,0
40.8463916,-80.3489916,0,0
40.8463849,-80.3489839,0,0
40.8463583,-80.3489533,0,0
40.8463583,-80.3489533,0,0
40.8463383,-80.3489303,0,0
40.846325,-80.348915,0,0
40.8463187,-80.348907,0,0
40.8462933,-80.348875,0,0
40.8462933,-80.348875,0,0
40.8462733,-80.348852,0,0
40.84626,-80.3488366,0,0
40.8462533,-80.3488286,0,0
40.8462266,-80.3487966,0,0
40.8462266,-80.3487966,0,0
40.8462076,-80.3487736,0,0
40.846195,-80.3487583,0,0
40.8461883,-80.3487503,0,0
40.8461616,-80.3487183,0,0
40.8461616,-80.3487183,0,0
40.8461416,-80.3486943,0,0
40.8461283,-80.3486783,0,0
40.846122,-80.3486706,0,0
40.8460966,-80.34864,0,0
40.8460966,-80.34864,0,0
40.8460766,-80.348616,0,0
40.8460633,-80.3486,0,0
40.8460566,-80.348592,0,0
40.84603,-80.34856,0,0
40.84603,-80.34856,0,0
40.84601,-80.348536,0,0
40.8459966,-80.34852,0,0
40.8459903,-80.348512,0,0
40.845965,-80.34848,0,0
40.845965,-80.34848,0,0
40.845945,-80.348456,0,0
40.8459316,-80.34844,0,0
40.8459249,-80.348432,0,0
40.8458983,-80.3484,0,0
40.8458983,-80.3484,0,0
40.8458783,-80.348376,0,0
40.845865,-80.34836,0,0
40.8458583,-80.348352,0,0
40.8458316,-80.34832,0,0
40.8458316,-80.34832,0,0
40.8458116,-80.348296,0,0
40.8457983,-80.34828,0,0
40.8457916,-80.3482717,0,0
40.845765,-80.3482383,0,0
40.845765,-80.3482383,0,0
40.845745,-80.3482143,0,0
40.8457316,-80.3481983,0,0
40.8457249,-80.3481903,0,0
40.8456983,-80.3481583,0,0
40.8456983,-80.3481583,0,0
40.8456773,-80.3481333,0,0
40.8456633,-80.3481166,0,0
40.8456566,-80.3481086,0,0
40.84563,-80.3480766,0,0
40.84563,-80.3480766,0,0
40.84561,-80.3480526,0,0
40.8455966,-80.3480366,0,0
40.8455899,-80.3480283,0,0
40.8455633,-80.347995,0,0
40.8455633,-80.347995,0,0
40.8455433,-80.347971,0,0
40.84553,-80.347955,0,0
40.8455233,-80.347947,0,0
40.8454966,-80.347915,0,0
40.8454966,-80.347915,0,0
40.8454766,-80.347891,0,0
40.8454633,-80.347875,0,0
40.845457,-80.3478673,0,0
40.8454316,-80.3478366,0,0
40.8454316,-80.3478366,0,0
40.8454116,-80.3478136,0,0
40.8453983,-80.3477983,0,0
40.845392,-80.3477906,0,0
40.8453666,-80.34776,0,0
40.8453666,-80.34776,0,0
40.8453486,-80.347738,START:Turn 3-4,0
40.8453366,-80.3477233,0,0
40.8453303,-80.3477156,0,0
40.845305,-80.347685,0,0
40.845305,-80.347685,0,0
40.845287,-80.347663,0,0
40.845275,-80.3476483,0,0
40.845269,-80.347641,0,0
40.845245,-80.3476116,0,0
40.845245,-80.3476116,0,0
40.845226,-80.3475896,0,0
40.8452133,-80.347575,0,0
40.8452076,-80.347568,0,0
40.845185,-80.34754,0,0
40.845185,-80.34754,0,0
40.845168,-80.34752,0,0
40.8451566,-80.3475066,0,0
40.8451513,-80.3474999,0,0
40.84513,-80.3474733,0,0
40.84513,-80.3474733,0,0
40.845114,-80.3474543,0,0
40.8451033,-80.3474416,0,0
40.845098,-80.3474353,0,0
40.8450766,-80.34741,0,0
40.8450766,-80.34741,0,0
40.8450626,-80.347392,0,0
40.8450533,-80.34738,0,0
40.8450483,-80.3473743,0,0
40.8450283,-80.3473516,0,0
40.8450283,-80.3473516,0,0
40.8450143,-80.3473346,0,0
40.845005,-80.3473233,0,0
40.8450007,-80.3473176,0,0
40.8449833,-80.347295,0,0
40.8449833,-80.347295,0,0
40.8449693,-80.347278,0,0
40.84496,-80.3472666,0,0
40.844956,-80.3472616,0,0
40.84494,-80.3472416,0,0
40.84494,-80.3472416,0,0
40.844928,-80.3472256,0,0
40.84492,-80.347215,0,0
40.8449163,-80.34721,0,0
40.8449016,-80.34719,0,0
40.8449016,-80.34719,0,0
40.8448906,-80.347176,0,0
40.8448833,-80.3471666,0,0
40.84488,-80.3471616,0,0
40.8448666,-80.3471416,0,0
40.8448666,-80.3471416,0,0
40.8448566,-80.3471266,0,0
40.84485,-80.3471166,0,0
40.844847,-80.3471119,0,0
40.844835,-80.3470933,0,0
40.844835,-80.3470933,0,0
40.844826,-80.3470783,0,0
40.84482,-80.3470683,0,0
40.844817,-80.3470636,0,0
40.844805,-80.347045,0,0
40.844805,-80.347045,0,0
40.844797,-80.34703,0,0
40.8447916,-80.34702,0,0
40.8447893,-80.347015,0,0
40.84478,-80.346995,0,0
40.84478,-80.346995,0,0
40.844773,-80.346979,0,0
40.8447683,-80.3469683,0,0
40.8447663,-80.346963,0,0
40.8447583,-80.3469416,0,0
40.8447583,-80.3469416,0,0
40.8447533,-80.3469246,0,0
40.84475,-80.3469133,0,0
40.8447483,-80.3469076,0,0
40.8447416,-80.346885,0,0
40.8447416,-80.346885,0,0
40.8447376,-80.346867,0,0
40.844735,-80.346855,0,0
40.8447337,-80.346849,0,0
40.8447283,-80.346825,0,0
40.8447283,-80.346825,0,0
40.8447253,-80.346806,0,0
40.8447233,-80.3467933,0,0
40.8447223,-80.346787,0,0
40.8447183,-80.3467616,0,0
40.8447183,-80.3467616,0,0
40.8447163,-80.3467426,0,0
40.844715,-80.34673,0,0
40.8447147,-80.3467233,0,0
40.8447133,-80.3466966,0,0
40.8447133,-80.3466966,0,0
40.8447133,-80.3466776,0,0
40.8447133,-80.346665,0,0
40.8447133,-80.3466583,0,0
40.8447133,-80.3466316,0,0
40.8447133,-80.3466316,0,0
40.8447153,-80.3466116,0,0
40.8447166,-80.3465983,0,0
40.8447169,-80.3465913,0,0
40.8447183,-80.3465633,0,0
40.8447183,-80.3465633,0,0
40.8447213,-80.3465433,0,0
40.8447233,-80.34653,0,0
40.8447243,-80.3465233,0,0
40.8447283,-80.3464966,0,0
40.8447283,-80.3464966,0,0
40.8447323,-80.3464766,0,0
40.844735,-80.3464633,0,0
40.8447367,-80.3464563,0,0
40.8447433,-80.3464283,0,0
40.8447433,-80.3464283,0,0
40.8447473,-80.3464083,0,0
40.84475,-80.346395,0,0
40.844752,-80.3463883,0,0
40.84476,-80.3463616,0,0
40.84476,-80.3463616,0,0
40.844765,-80.3463416,0,0
40.8447683,-80.3463283,0,0
40.8447703,-80.3463213,0,0
40.8447783,-80.3462933,0,0
40.8447783,-80.3462933,0,0
40.8447843,-80.3462743,0,0
40.8447883,-80.3462616,0,0
40.84479,-80.3462549,0,0
40.8447966,-80.3462283,0,0
40.8447966,-80.3462283,0,0
40.8448016,-80.3462083,0,0
40.844805,-80.346195,0,0
40.8448067,-80.3461887,0,0
40.8448133,-80.3461633,0,0
40.8448133,-80.3461633,0,0
40.8448173,-80.3461443,0,0
40.84482,-80.3461316,0,0
40.844821,-80.3461253,0,0
40.844825,-80.3461,0,0
40.844825,-80.3461,0,0
40.844829,-80.346081,0,0
40.8448316,-80.3460683,0,0
40.8448323,-80.3460623,0,0
40.844835,-80.3460383,0,0
40.844835,-80.3460383,0,0
40.844838,-80.3460203,0,0
40.84484,-80.3460083,0,0
40.8448403,-80.3460023,0,0
40.8448416,-80.3459783,0,0
40.8448416,-80.3459783,0,0
40.8448436,-80.3459593,0,0
40.844845,-80.3459466,0,0
40.8448453,-80.3459406,0,0
40.8448466,-80.3459166,0,0
40.8448466,-80.3459166,0,0
40.8448466,-80.3458996,0,0
40.8448466,-80.3458883,0,0
40.8448466,-80.3458823,0,0
40.8448466,-80.3458583,0,0
40.8448466,-80.3458583,0,0
40.8448456,-80.3458413,0,0
40.844845,-80.34583,0,0
40.8448443,-80.345824,0,0
40.8448416,-80.3458,0,0
40.8448416,-80.3458,0,0
40.8448406,-80.345783,0,0
40.84484,-80.3457716,0,0
40.8448393,-80.3457659,0,0
40.8448366,-80.3457433,0,0
40.8448366,-80.3457433,0,0
40.8448366,-80.3457433,0,0
40.8448346,-80.3457326,0,0
40.8448303,-80.3457113,0,0
40.844825,-80.34569,0,0
40.844825,-80.34569,0,0
40.844821,-80.345674,0,0
40.8448183,-80.3456633,0,0
40.844816,-80.345658,0,0
40.8448066,-80.3456366,0,0
40.8448066,-80.3456366,0,0
40.8447996,-80.3456196,0,0
40.844795,-80.3456083,0,0
40.8447913,-80.3456023,0,0
40.8447766,-80.3455783,0,0
40.8447766,-80.3455783,0,0
40.8447656,-80.3455633,0,0
40.8447583,-80.3455533,0,0
40.8447546,-80.3455483,0,0
40.84474,-80.3455283,0,0
40.84474,-80.3455283,0,0
40.844729,-80.3455133,0,0
40.8447216,-80.3455033,0,0
40.8447179,-80.3454986,0,0
40.8447033,-80.34548,0,0
40.8447033,-80.34548,0,0
40.8446903,-80.345466,STOP,0
40.8446816,-80.3454566,0,0
40.8446773,-80.3454526,0,0
40.84466,-80.3454366,0,0
40.84466,-80.3454366,0,0
40.844646,-80.3454236,0,0
40.8446366,-80.345415,0,0
40.8446319,-80.345411,0,0
40.8446133,-80.345395,0,0
40.8446133,-80.345395,0,0
40.8445993,-80.345383,0,0
40.84459,-80.345375,0,0
40.844585,-80.345371,0,0
40.844565,-80.345355,0,0
40.844565,-80.345355,0,0
40.84455,-80.345344,0,0
40.84454,-80.3453366,0,0
40.8445347,-80.3453329,0,0
40.8445133,-80.3453183,0,0
40.8445133,-80.3453183,0,0
40.8444983,-80.3453073,0,0
40.8444883,-80.3453,0,0
40.844483,-80.3452967,0,0
40.8444616,-80.3452833,0,0
40.8444616,-80.3452833,0,0
40.8444456,-80.3452723,0,0
40.844435,-80.345265,0,0
40.8444293,-80.3452613,0,0
40.8444066,-80.3452466,0,0
40.8444066,-80.3452466,0,0
40.8443896,-80.3452366,0,0
40.8443783,-80.34523,0,0
40.8443726,-80.3452263,0,0
40.84435,-80.3452116,0,0
40.84435,-80.3452116,0,0
40.844333,-80.3451996,0,0
40.8443216,-80.3451916,0,0
40.8443159,-80.3451879,0,0
40.8442933,-80.3451733,0,0
40.8442933,-80.3451733,0,0
40.8442763,-80.3451623,0,0
40.844265,-80.345155,0,0
40.8442593,-80.345151,0,0
40.8442366,-80.345135,0,0
40.8442366,-80.345135,0,0
40.8442196,-80.345123,0,0
40.8442083,-80.345115,0,0
40.8442026,-80.345111,0,0
40.84418,-80.345095,0,0
40.84418,-80.345095,0,0
40.844161,-80.345081,0,0
40.8441483,-80.3450716,0,0
40.8441426,-80.3450673,0,0
40.84412,-80.34505,0,0
40.84412,-80.34505,0,0
40.844102,-80.345036,0,0
40.84409,-80.3450266,0,0
40.8440843,-80.3450219,0,0
40.8440616,-80.3450033,0,0
40.8440616,-80.3450033,0,0
40.8440436,-80.3449893,0,0
40.8440316,-80.34498,0,0
40.8440259,-80.344975,0,0
40.8440033,-80.344955,0,0
40.8440033,-80.344955,0,0
40.8439853,-80.34494,0,0
40.8439733,-80.34493,0,0
40.8439676,-80.3449247,0,0
40.843945,-80.3449033,0,0
40.843945,-80.3449033,0,0
40.843928,-80.3448873,0,0
40.8439166,-80.3448766,0,0
40.8439113,-80.3448709,0,0
40.84389,-80.3448483,0,0
40.84389,-80.3448483,0,0
40.843873,-80.3448313,0,0
40.8438616,-80.34482,0,0
40.8438563,-80.3448137,0,0
40.843835,-80.3447883,0,0
40.843835,-80.3447883,0,0
40.843819,-80.3447693,START:Turn 5-6,0
40.8438083,-80.3447566,0,0
40.843803,-80.3447499,0,0
40.8437816,-80.3447233,0,0
40.8437816,-80.3447233,0,0
40.8437666,-80.3447033,0,0
40.8437566,-80.34469,0,0
40.8437513,-80.344683,0,0
40.84373,-80.344655,0,0
40.84373,-80.344655,0,0
40.843715,-80.344634,0,0
40.843705,-80.34462,0,0
40.8437003,-80.344613,0,0
40.8436816,-80.344585,0,0
40.8436816,-80.344585,0,0
40.8436666,-80.344563,0,0
40.8436566,-80.3445483,0,0
40.8436519,-80.344541,0,0
40.8436333,-80.3445116,0,0
40.8436333,-80.3445116,0,0
40.8436203,-80.3444896,0,0
40.8436116,-80.344475,0,0
40.8436073,-80.3444677,0,0
40.84359,-80.3444383,0,0
40.84359,-80.3444383,0,0
40.843578,-80.3444173,0,0
40.84357,-80.3444033,0,0
40.8435663,-80.344396,0,0
40.8435516,-80.3443666,0,0
40.8435516,-80.3443666,0,0
40.8435406,-80.3443456,0,0
40.8435333,-80.3443316,0,0
40.8435296,-80.3443243,0,0
40.843515,-80.344295,0,0
40.843515,-80.344295,0,0
40.843505,-80.344274,0,0
40.8434983,-80.34426,0,0
40.843495,-80.344253,0,0
40.8434816,-80.344225,0,0
40.8434816,-80.344225,0,0
40.8434716,-80.344205,0,0
40.843465,-80.3441916,0,0
40.8434617,-80.3441849,0,0
40.8434483,-80.3441583,0,0
40.8434483,-80.3441583,0,0
40.8434393,-80.3441393,0,0
40.8434333,-80.3441266,0,0
40.8434303,-80.3441203,0,0
40.8434183,-80.344095,0,0
40.8434183,-80.344095,0,0
40.8434083,-80.344077,0,0
40.8434016,-80.344065,0,0
40.8433986,-80.3440593,0,0
40.8433866,-80.3440366,0,0
40.8433866,-80.3440366,0,0
40.8433766,-80.3440196,0,0
40.84337,-80.3440083,0,0
40.8433667,-80.344003,0,0
40.8433533,-80.3439816,0,0
40.8433533,-80.3439816,0,0
40.8433423,-80.3439666,0,0
40.843335,-80.3439566,0,0
40.8433317,-80.3439519,0,0
40.8433183,-80.3439333,0,0
40.8433183,-80.3439333,0,0
40.8433073,-80.3439193,0,0
40.8433,-80.34391,0,0
40.8432967,-80.3439053,0,0
40.8432833,-80.3438866,0,0
40.8432833,-80.3438866,0,0
40.8432713,-80.3438736,0,0
40.8432633,-80.343865,0,0
40.843259,-80.3438617,0,0
40.8432416,-80.3438483,0,0
40.8432416,-80.3438483,0,0
40.8432286,-80.3438383,0,0
40.84322,-80.3438316,0,0
40.843216,-80.3438283,0,0
40.8432,-80.343815,0,0
40.8432,-80.343815,0,0
40.843186,-80.343806,0,0
40.8431766,-80.3438,0,0
40.8431723,-80.3437973,0,0
40.843155,-80.3437866,0,0
40.843155,-80.3437866,0,0
40.843142,-80.3437796,0,0
40.8431333,-80.343775,0,0
40.8431286,-80.343773,0,0
40.84311,-80.343765,0,0
40.84311,-80.343765,0,0
40.843096,-80.34376,0,0
40.8430866,-80.3437566,0,0
40.8430819,-80.3437553,0,0
40.8430633,-80.34375,0,0
40.8430633,-80.34375,0,0
40.8430493,-80.343747,0,0
40.84304,-80.343745,0,0
40.8430353,-80.3437447,0,0
40.8430166,-80.3437433,0,0
40.8430166,-80.3437433,0,0
40.8430026,-80.3437433,0,0
40.8429933,-80.3437433,0,0
40.8429886,-80.3437436,0,0
40.84297,-80.343745,0,0
40.84297,-80.343745,0,0
40.842956,-80.343748,0,0
40.8429466,-80.34375,0,0
40.8429419,-80.343751,0,0
40.8429233,-80.343755,0,0
40.8429233,-80.343755,0,0
40.8429103,-80.34376,0,0
40.8429016,-80.3437633,0,0
40.8428973,-80.3437653,0,0
40.84288,-80.3437733,0,0
40.84288,-80.3437733,0,0
40.842866,-80.3437793,0,0
40.8428566,-80.3437833,0,0
40.8428523,-80.343786,0,0
40.842835,-80.3437966,0,0
40.842835,-80.3437966,0,0
40.842823,-80.3438056,0,0
40.842815,-80.3438116,0,0
40.842811,-80.3438149,0,0
40.842795,-80.3438283,0,0
40.842795,-80.3438283,0,0
40.842783,-80.3438393,0,0
40.842775,-80.3438466,0,0
40.8427713,-80.3438506,0,0
40.8427566,-80.3438666,0,0
40.8427566,-80.3438666,0,0
40.8427456,-80.3438786,0,0
40.8427383,-80.3438866,0,0
40.842735,-80.3438909,0,0
40.8427216,-80.3439083,0,0
40.8427216,-80.3439083,0,0
40.8427116,-80.3439223,0,0
40.842705,-80.3439316,0,0
40.8427017,-80.3439363,0,0
40.8426883,-80.343955,0,0
40.8426883,-80.343955,0,0
40.8426783,-80.343969,0,0
40.8426716,-80.3439783,0,0
40.8426686,-80.3439833,0,0
40.8426566,-80.3440033,0,0
40.8426566,-80.3440033,0,0
40.8426486,-80.3440183,0,0
40.8426433,-80.3440283,0,0
40.8426406,-80.3440336,0,0
40.84263,-80.344055,0,0
40.84263,-80.344055,0,0
40.842623,-80.344072,0,0
40.8426183,-80.3440833,0,0
40.842616,-80.344089,0,0
40.8426066,-80.3441116,0,0
40.8426066,-80.3441116,0,0
40.8425996,-80.3441286,0,0
40.842595,-80.34414,0,0
40.842593,-80.3441457,0,0
40.842585,-80.3441683,0,0
40.842585,-80.3441683,0,0
40.84258,-80.3441863,0,0
40.8425766,-80.3441983,0,0
40.8425746,-80.3442043,0,0
40.8425666,-80.3442283,0,0
40.8425666,-80.3442283,0,0
40.8425616,-80.3442463,0,0
40.8425583,-80.3442583,0,0
40.8425566,-80.3442646,0,0
40.84255,-80.34429,0,0
40.84255,-80.34429,0,0
40.842546,-80.344309,0,0
40.8425433,-80.3443216,0,0
40.842542,-80.3443279,0,0
40.8425366,-80.3443533,0,0
40.8425366,-80.3443533,0,0
40.8425326,-80.3443723,0,0
40.84253,-80.344385,0,0
40.842529,-80.3443917,0,0
40.842525,-80.3444183,0,0
40.842525,-80.3444183,0,0
40.842522,-80.3444383,0,0
40.84252,-80.3444516,0,0
40.8425193,-80.3444579,0,0
40.8425166,-80.3444833,0,0
40.8425166,-80.3444833,0,0
40.8425146,-80.3445043,0,0
40.8425133,-80.3445183,0,0
40.842513,-80.344525,0,0
40.8425116,-80.3445516,0,0
40.8425116,-80.3445516,0,0
40.8425106,-80.3445716,0,0
40.84251,-80.344585,0,0
40.8425097,-80.3445917,0,0
40.8425083,-80.3446183,0,0
40.8425083,-80.3446183,0,0
40.8425083,-80.3446393,0,0
40.8425083,-80.3446533,0,0
40.8425083,-80.3446603,0,0
40.8425083,-80.3446883,0,0
40.8425083,-80.3446883,0,0
40.8425093,-80.3447083,0,0
40.84251,-80.3447216,0,0
40.8425107,-80.3447286,0,0
40.8425133,-80.3447566,0,0
40.8425133,-80.3447566,0,0
40.8425143,-80.3447776,0,0
40.842515,-80.3447916,0,0
40.842516,-80.3447986,0,0
40.84252,-80.3448266,0,0
40.84252,-80.3448266,0,0
40.842522,-80.3448476,0,0
40.8425233,-80.3448616,0,0
40.8425243,-80.3448683,0,0
40.8425283,-80.344895,0,0
40.8425283,-80.344895,0,0
40.8425313,-80.344916,0,0
40.8425333,-80.34493,0,0
40.8425346,-80.344937,0,0
40.84254,-80.344965,0,0
40.84254,-80.344965,0,0
40.842544,-80.344986,0,0
40.8425466,-80.345,0,0
40.8425483,-80.3450067,0,0
40.842555,-80.3450333,0,0
40.842555,-80.3450333,0,0
40.84256,-80.3450543,0,0
40.8425633,-80.3450683,0,0
40.842565,-80.345075,0,0
40.8425716,-80.3451016,0,0
40.8425716,-80.3451016,0,0
40.8425776,-80.3451216,0,0
40.8425816,-80.345135,0,0
40.8425839,-80.345142,0,0
40.8425933,-80.34517,0,0
40.8425933,-80.34517,0,0
40.8426003,-80.345189,0,0
40.842605,-80.3452016,0,0
40.8426073,-80.3452083,0,0
40.8426166,-80.345235,0,0
40.8426166,-80.345235,0,0
40.8426246,-80.345255,0,0
40.84263,-80.3452683,0,0
40.8426327,-80.3452746,0,0
40.8426433,-80.3453,0,0
40.8426433,-80.3453,0,0
40.8426513,-80.345319,STOP,0
40.8426566,-80.3453316,0,0
40.8426596,-80.3453379,0,0
40.8426716,-80.3453633,0,0
40.8426716,-80.3453633,0,0
40.8426816,-80.3453823,0,0
40.8426883,-80.345395,0,0
40.8426913,-80.3454013,0,0
40.8427033,-80.3454266,0,0
40.8427033,-80.3454266,0,0
40.8427133,-80.3454456,0,0
40.84272,-80.3454583,0,0
40.8427233,-80.3454646,0,0
40.8427366,-80.34549,0,0
40.8427366,-80.34549,0,0
40.8427466,-80.345508,0,0
40.8427533,-80.34552,0,0
40.8427566,-80.3455263,0,0
40.84277,-80.3455516,0,0
40.84277,-80.3455516,0,0
40.84278,-80.3455706,0,0
40.8427866,-80.3455833,0,0
40.8427899,-80.3455896,0,0
40.8428033,-80.345615,0,0
40.8428033,-80.345615,0,0
40.8428133,-80.345634,0,0
40.84282,-80.3456466,0,0
40.8428233,-80.3456529,0,0
40.8428366,-80.3456783,0,0
40.8428366,-80.3456783,0,0
40.8428466,-80.3456973,0,0
40.8428533,-80.34571,0,0
40.8428566,-80.3457167,0,0
40.84287,-80.3457433,0,0
40.84287,-80.3457433,0,0
40.84288,-80.3457623,0,0
40.8428866,-80.345775,0,0
40.8428903,-80.3457817,0,0
40.842905,-80.3458083,0,0
40.842905,-80.3458083,0,0
40.842915,-80.3458283,0,0
40.8429216,-80.3458416,0,0
40.8429249,-80.3458483,0,0
40.8429383,-80.345875,0,0
40.8429383,-80.345875,0,0
40.8429493,-80.345895,0,0
40.8429566,-80.3459083,0,0
40.8429596,-80.345915,0,0
40.8429716,-80.3459416,0,0
40.8429716,-80.3459416,0,0
40.8429826,-80.3459626,0,0
40.84299,-80.3459766,0,0
40.8429933,-80.3459833,0,0
40.8430066,-80.34601,0,0
40.8430066,-80.34601,0,0
40.8430166,-80.346031,0,0
40.8430233,-80.346045,0,0
40.843027,-80.346052,0,0
40.8430416,-80.34608,0,0
40.8430416,-80.34608,0,0
40.8430516,-80.346101,0,0
40.8430583,-80.346115,0,0
40.8430616,-80.346122,0,0
40.843075,-80.34615,0,0
40.843075,-80.34615,0,0
40.843086,-80.346172,0,0
40.8430933,-80.3461866,0,0
40.8430966,-80.3461936,0,0
40.84311,-80.3462216,0,0
40.84311,-80.3462216,0,0
40.843121,-80.3462436,0,0
40.8431283,-80.3462583,0,0
40.8431316,-80.3462656,0,0
40.843145,-80.346295,0,0
40.843145,-80.346295,0,0
40.843156,-80.346317,0,0
40.8431633,-80.3463316,0,0
40.843167,-80.3463389,0,0
40.8431816,-80.3463683,0,0
40.8431816,-80.3463683,0,0
40.8431916,-80.3463903,0,0
40.8431983,-80.346405,0,0
40.843202,-80.3464127,0,0
40.8432166,-80.3464433,0,0
40.8432166,-80.3464433,0,0
40.8432276,-80.3464653,0,0
40.843235,-80.34648,0,0
40.8432387,-80.3464877,0,0
40.8432533,-80.3465183,0,0
40.8432533,-80.3465183,0,0
40.8432643,-80.3465403,0,0
40.8432716,-80.346555,0,0
40.8432753,-80.3465627,0,0
40.84329,-80.3465933,0,0
40.84329,-80.3465933,0,0
40.843301,-80.3466163,0,0
40.8433083,-80.3466316,0,0
40.843312,-80.3466393,0,0
40.8433266,-80.34667,0,0
40.8433266,-80.34667,0,0
40.8433376,-80.346693,SPLIT:Uphill,0
40.843345,-80.3467083,0,0
40.843349,-80.346716,0,0
40.843365,-80.3467466,0,0
40.843365,-80.3467466,0,0
40.843376,-80.3467696,0,0
40.8433833,-80.346785,0,0
40.843387,-80.346793,0,0
40.8434016,-80.346825,0,0
40.8434016,-80.346825,0,0
40.8434136,-80.346848,0,0
40.8434216,-80.3468633,0,0
40.8434253,-80.3468713,0,0
40.84344,-80.3469033,0,0
40.84344,-80.3469033,0,0
40.843452,-80.3469273,0,0
40.84346,-80.3469433,0,0
40.843464,-80.3469513,0,0
40.84348,-80.3469833,0,0
40.84348,-80.3469833,0,0
40.843491,-80.3470073,0,0
40.8434983,-80.3470233,0,0
40.8435023,-80.3470313,0,0
40.8435183,-80.3470633,0,0
40.8435183,-80.3470633,0,0
40.8435303,-80.3470883,0,0
40.8435383,-80.347105,0,0
40.843542,-80.347113,0,0
40.8435566,-80.347145,0,0
40.8435566,-80.347145,0,0
40.8435686,-80.347169,0,0
40.8435766,-80.347185,0,0
40.8435806,-80.3471933,0,0
40.8435966,-80.3472266,0,0
40.8435966,-80.3472266,0,0
40.8436086,-80.3472506,0,0
40.8436166,-80.3472666,0,0
40.8436206,-80.3472749,0,0
40.8436366,-80.3473083,0,0
40.8436366,-80.3473083,0,0
40.8436486,-80.3473333,0,0
40.8436566,-80.34735,0,0
40.8436606,-80.347358,0,0
40.8436766,-80.34739,0,0
40.8436766,-80.34739,0,0
40.8436886,-80.347415,0,0
40.8436966,-80.3474316,0,0
40.8437006,-80.3474403,0,0
40.8437166,-80.347475,0,0
40.8437166,-80.347475,0,0
40.8437286,-80.3475,0,0
40.8437366,-80.3475166,0,0
40.8437406,-80.3475249,0,0
40.8437566,-80.3475583,0,0
40.8437566,-80.3475583,0,0
40.8437696,-80.3475843,0,0
40.8437783,-80.3476016,0,0
40.8437823,-80.3476099,0,0
40.8437983,-80.3476433,0,0
40.8437983,-80.3476433,0,0
40.8438113,-80.3476693,0,0
40.84382,-80.3476866,0,0
40.843824,-80.3476953,0,0
40.84384,-80.34773,0,0
40.84384,-80.34773,0,0
40.843853,-80.347756,0,0
40.8438616,-80.3477733,0,0
40.8438656,-80.347782,0,0
40.8438816,-80.3478166,0,0
40.8438816,-80.3478166,0,0
40.8438946,-80.3478426,0,0
40.8439033,-80.34786,0,0
40.8439076,-80.3478687,0,0
40.843925,-80.3479033,0,0
40.843925,-80.3479033,0,0
40.843937,-80.3479303,0,0
40.843945,-80.3479483,0,0
40.8439493,-80.347957,0,0
40.8439666,-80.3479916,0,0
40.8439666,-80.3479916,0,0
40.8439796,-80.3480186,0,0
40.8439883,-80.3480366,0,0
40.8439926,-80.3480453,0,0
40.84401,-80.34808,0,0
40.84401,-80.34808,0,0
40.844023,-80.348107,0,0
40.8440316,-80.348125,0,0
40.8440359,-80.348134,0,0
40.8440533,-80.34817,0,0
40.8440533,-80.34817,0,0
40.8440663,-80.348196,0,0
40.844075,-80.3482133,0,0
40.8440793,-80.3482223,0,0
40.8440966,-80.3482583,0,0
40.8440966,-80.3482583,0,0
40.8441096,-80.3482853,0,0
40.8441183,-80.3483033,0,0
40.8441226,-80.3483123,0,0
40.84414,-80.3483483,0,0
40.84414,-80.3483483,0,0
40.844153,-80.3483753,0,0
40.8441616,-80.3483933,0,0
40.8441659,-80.348402,0,0
40.8441833,-80.3484366,0,0
40.8441833,-80.3484366,0,0
40.8441963,-80.3484626,0,0
40.844205,-80.34848,0,0
40.844209,-80.3484883,0,0
40.844225,-80.3485216,0,0
40.844225,-80.3485216,0,0
40.844238,-80.3485466,0,0
40.8442466,-80.3485633,0,0
40.8442506,-80.3485716,START:Turn 7-8,0
40.8442666,-80.348605,0,0
40.8442666,-80.348605,0,0
40.8442786,-80.348629,0,0
40.8442866,-80.348645,0,0
40.8442906,-80.348653,0,0
40.8443066,-80.348685,0,0
40.8443066,-80.348685,0,0
40.8443186,-80.348708,0,0
40.8443266,-80.3487233,0,0
40.8443303,-80.348731,0,0
40.844345,-80.3487616,0,0
40.844345,-80.3487616,0,0
40.844357,-80.3487826,0,0
40.844365,-80.3487966,0,0
40.8443687,-80.3488036,0,0
40.8443833,-80.3488316,0,0
40.8443833,-80.3488316,0,0
40.8443943,-80.3488526,0,0
40.8444016,-80.3488666,0,0
40.8444056,-80.3488733,0,0
40.8444216,-80.3489,0,0
40.8444216,-80.3489,0,0
40.8444326,-80.348919,0,0
40.84444,-80.3489316,0,0
40.844444,-80.3489379,0,0
40.84446,-80.3489633,0,0
40.84446,-80.3489633,0,0
40.844471,-80.3489823,0,0
40.8444783,-80.348995,0,0
40.8444823,-80.3490007,0,0
40.8444983,-80.3490233,0,0
40.8444983,-80.3490233,0,0
40.8445103,-80.3490413,0,0
40.8445183,-80.3490533,0,0
40.8445223,-80.3490586,0,0
40.8445383,-80.34908,0,0
40.8445383,-80.34908,0,0
40.8445503,-80.349096,0,0
40.8445583,-80.3491066,0,0
40.8445626,-80.3491113,0,0
40.84458,-80.34913,0,0
40.84458,-80.34913,0,0
40.844593,-80.349144,0,0
40.8446016,-80.3491533,0,0
40.8446059,-80.3491576,0,0
40.8446233,-80.349175,0,0
40.8446233,-80.349175,0,0
40.8446363,-80.349188,0,0
40.844645,-80.3491966,0,0
40.8446497,-80.3492003,0,0
40.8446683,-80.349215,0,0
40.8446683,-80.349215,0,0
40.8446823,-80.349226,0,0
40.8446916,-80.3492333,0,0
40.8446966,-80.3492366,0,0
40.8447166,-80.34925,0,0
40.8447166,-80.34925,0,0
40.8447316,-80.349259,0,0
40.8447416,-80.349265,0,0
40.8447466,-80.3492677,0,0
40.8447666,-80.3492783,0,0
40.8447666,-80.3492783,0,0
40.8447816,-80.3492853,0,0
40.8447916,-80.34929,0,0
40.8447969,-80.3492923,0,0
40.8448183,-80.3493016,0,0
40.8448183,-80.3493016,0,0
40.8448343,-80.3493066,0,0
40.844845,-80.34931,0,0
40.8448503,-80.3493113,0,0
40.8448716,-80.3493166,0,0
40.8448716,-80.3493166,0,0
40.8448876,-80.3493206,0,0
40.8448983,-80.3493233,0,0
40.844904,-80.349324,0,0
40.8449266,-80.3493266,0,0
40.8449266,-80.3493266,0,0
40.8449436,-80.3493286,0,0
40.844955,-80.34933,0,0
40.8449607,-80.3493303,0,0
40.8449833,-80.3493316,0,0
40.8449833,-80.3493316,0,0
40.8450003,-80.3493326,0,0
40.8450116,-80.3493333,0,0
40.8450173,-80.3493333,0,0
40.84504,-80.3493333,0,0
40.84504,-80.3493333,0,0
40.845057,-80.3493313,0,0
40.8450683,-80.34933,0,0
40.845074,-80.3493293,0,0
40.8450966,-80.3493266,0,0
40.8450966,-80.3493266,0,0
40.8451146,-80.3493246,0,0
40.8451266,-80.3493233,0,0
40.8451323,-80.349322,0,0
40.845155,-80.3493166,0,0
40.845155,-80.3493166,0,0
40.845173,-80.3493136,0,0
40.845185,-80.3493116,0,0
40.8451907,-80.3493099,0,0
40.8452133,-80.3493033,0,0
40.8452133,-80.3493033,0,0
40.8452313,-80.3492983,0,0
40.8452433,-80.349295,0,0
40.8452493,-80.3492933,0,0
40.8452733,-80.3492866,0,0
40.8452733,-80.3492866,0,0
40.8452903,-80.3492806,0,0
40.8453016,-80.3492766,0,0
40.8453076,-80.3492746,0,0
40.8453316,-80.3492666,0,0
40.8453316,-80.3492666,0,0
40.8453486,-80.3492616,0,0
40.84536,-80.3492583,0,0
40.845366,-80.3492566,0,0
40.84539,-80.34925,0,0
40.84539,-80.34925,0,0
40.845407,-80.349245,0,0
40.8454183,-80.3492416,0,0
40.845424,-80.3492406,0,0
40.8454466,-80.3492366,0,0
40.8454466,-80.3492366,0,0
40.8454636,-80.3492336,0,0
40.845475,-80.3492316,0,0
40.845481,-80.3492309,0,0
40.845505,-80.3492283,0,0
40.845505,-80.3492283,0,0
40.845521,-80.3492273,0,0
40.8455316,-80.3492266,0,0
40.8455373,-80.3492269,0,0
40.84556,-80.3492283,0,0
40.84556,-80.3492283,0,0
40.845577,-80.3492283,0,0
40.8455883,-80.3492283,0,0
40.845594,-80.349229,0,0
40.8456166,-80.3492316,0,0
40.8456166,-80.3492316,0,0
40.8456326,-80.3492356,0,0
40.8456433,-80.3492383,0,0
40.8456486,-80.3492396,0,0
40.84567,-80.349245,0,0
40.84567,-80.349245,0,0
40.845686,-80.34925,0,0
40.8456966,-80.3492533,0,0
40.8457019,-80.3492553,STOP,0
40.8457233,-80.3492633,0,0
40.8457233,-80.3492633,0,0
40.8457383,-80.3492703,0,0
40.8457483,-80.349275,0,0
40.8457533,-80.3492777,0,0
40.8457733,-80.3492883,0,0
40.8457733,-80.3492883,0,0
40.8457873,-80.3492973,0,0
40.8457966,-80.3493033,0,0
40.8458016,-80.3493066,0,0
40.8458216,-80.34932,0,0
40.8458216,-80.34932,0,0
40.8458356,-80.349331,0,0
40.845845,-80.3493383,0,0
40.8458493,-80.349342,0,0
40.8458666,-80.3493566,0,0
40.8458666,-80.3493566,0,0
40.8458796,-80.3493696,0,0
40.8458883,-80.3493783,0,0
40.8458923,-80.349383,0,0
40.8459083,-80.3494016,0,0
40.8459083,-80.3494016,0,0
40.8459203,-80.3494166,0,0
40.8459283,-80.3494266,0,0
40.845932,-80.3494316,0,0
40.8459466,-80.3494516,0,0
40.8459466,-80.3494516,0,0
40.8459576,-80.3494676,0,0
40.845965,-80.3494783,0,0
40.8459683,-80.349484,0,0
40.8459816,-80.3495066,0,0
40.8459816,-80.3495066,0,0
40.8459916,-80.3495236,0,0
40.8459983,-80.349535,0,0
40.8460013,-80.3495413,0,0
40.8460133,-80.3495666,0,0
40.8460133,-80.3495666,0,0
40.8460223,-80.3495846,0,0
40.8460283,-80.3495966,0,0
40.8460313,-80.3496033,0,0
40.8460433,-80.34963,0,0
40.8460433,-80.34963,0,0
40.8460503,-80.34965,0,0
40.846055,-80.3496633,0,0
40.8460573,-80.34967,0,0
40.8460666,-80.3496966,0,0
40.8460666,-80.3496966,0,0
40.8460736,-80.3497186,0,0
40.8460783,-80.3497333,0,0
40.8460803,-80.3497403,START:Turn 9-10,0
40.8460883,-80.3497683,0,0
40.8460883,-80.3497683,0,0
40.8460933,-80.3497903,0,0
40.8460966,-80.349805,0,0
40.8460983,-80.3498123,0,0
40.846105,-80.3498416,0,0
40.846105,-80.3498416,0,0
40.84611,-80.3498646,0,0
40.8461133,-80.34988,0,0
40.8461143,-80.3498877,0,0
40.8461183,-80.3499183,0,0
40.8461183,-80.3499183,0,0
40.8461223,-80.3499413,0,0
40.846125,-80.3499566,0,0
40.846126,-80.3499643,0,0
40.84613,-80.349995,0,0
40.84613,-80.349995,0,0
40.846132,-80.350019,0,0
40.8461333,-80.350035,0,0
40.846134,-80.350043,0,0
40.8461366,-80.350075,0,0
40.8461366,-80.350075,0,0
40.8461386,-80.350099,0,0
40.84614,-80.350115,0,0
40.8461403,-80.350123,0,0
40.8461416,-80.350155,0,0
40.8461416,-80.350155,0,0
40.8461426,-80.350179,0,0
40.8461433,-80.350195,0,0
40.8461436,-80.350203,0,0
40.846145,-80.350235,0,0
40.846145,-80.350235,0,0
40.846146,-80.350259,0,0
40.8461466,-80.350275,0,0
40.8461473,-80.3502833,0,0
40.84615,-80.3503166,0,0
40.84615,-80.3503166,0,0
40.846151,-80.3503406,0,0
40.8461516,-80.3503566,0,0
40.8461523,-80.3503649,0,0
40.846155,-80.3503983,0,0
40.846155,-80.3503983,0,0
40.846158,-80.3504223,0,0
40.84616,-80.3504383,0,0
40.8461613,-80.3504463,0,0
40.8461666,-80.3504783,0,0
40.8461666,-80.3504783,0,0
40.8461706,-80.3505013,0,0
40.8461733,-80.3505166,0,0
40.846175,-80.3505246,0,0
40.8461816,-80.3505566,0,0
40.8461816,-80.3505566,0,0
40.8461866,-80.3505796,0,0
40.84619,-80.350595,0,0
40.8461923,-80.3506027,0,0
40.8462016,-80.3506333,0,0
40.8462016,-80.3506333,0,0
40.8462076,-80.3506553,0,0
40.8462116,-80.35067,0,0
40.8462143,-80.3506773,0,0
40.846225,-80.3507066,0,0
40.846225,-80.3507066,0,0
40.846232,-80.3507286,0,0
40.8462366,-80.3507433,0,0
40.8462396,-80.3507503,0,0
40.8462516,-80.3507783,0,0
40.8462516,-80.3507783,0,0
40.8462606,-80.3507983,0,0
40.8462666,-80.3508116,0,0
40.8462703,-80.3508183,0,0
40.846285,-80.350845,0,0
40.846285,-80.350845,0,0
40.846295,-80.350864,0,0
40.8463016,-80.3508766,0,0
40.8463053,-80.3508829,0,0
40.84632,-80.3509083,0,0
40.84632,-80.3509083,0,0
40.846332,-80.3509263,0,0
40.84634,-80.3509383,0,0
40.8463443,-80.3509443,0,0
40.8463616,-80.3509683,0,0
40.8463616,-80.3509683,0,0
40.8463746,-80.3509853,0,0
40.8463833,-80.3509966,0,0
40.846388,-80.3510019,0,0
40.8464066,-80.3510233,0,0
40.8464066,-80.3510233,0,0
40.8464196,-80.3510393,0,0
40.8464283,-80.35105,0,0
40.8464333,-80.3510553,0,0
40.8464533,-80.3510766,0,0
40.8464533,-80.3510766,0,0
40.8464683,-80.3510896,0,0
40.8464783,-80.3510983,0,0
40.8464836,-80.3511026,0,0
40.846505,-80.35112,0,0
40.846505,-80.35112,0,0
40.846522,-80.351133,0,0
40.8465333,-80.3511416,0,0
40.8465386,-80.3511453,0,0
40.84656,-80.35116,0,0
40.84656,-80.35116,0,0
40.846577,-80.351171,0,0
40.8465883,-80.3511783,0,0
40.8465943,-80.3511816,0,0
40.8466183,-80.351195,0,0
40.8466183,-80.351195,0,0
40.8466363,-80.351204,0,0
40.8466483,-80.35121,0,0
40.8466543,-80.3512127,0,0
40.8466783,-80.3512233,0,0
40.8466783,-80.3512233,0,0
40.8466963,-80.3512313,0,0
40.8467083,-80.3512366,0,0
40.8467143,-80.3512389,0,0
40.8467383,-80.3512483,0,0
40.8467383,-80.3512483,0,0
40.8467573,-80.3512543,0,0
40.84677,-80.3512583,0,0
40.8467763,-80.35126,0,0
40.8468016,-80.3512666,0,0
40.8468016,-80.3512666,0,0
40.8468206,-80.3512706,0,0
40.8468333,-80.3512733,0,0
40.84684,-80.3512746,0,0
40.8468666,-80.35128,0,0
40.8468666,-80.35128,0,0
40.8468856,-80.351283,0,0
40.8468983,-80.351285,0,0
40.846905,-80.351286,0,0
40.8469316,-80.35129,0,0
40.8469316,-80.35129,0,0
40.8469516,-80.351292,0,0
40.846965,-80.3512933,0,0
40.8469713,-80.351294,0,0
40.8469966,-80.3512966,0,0
40.8469966,-80.3512966,0,0
40.8470166,-80.3512996,0,0
40.84703,-80.3513016,0,0
40.8470363,-80.3513026,0,0
40.8470616,-80.3513066,0,0
40.8470616,-80.3513066,0,0
40.8470806,-80.3513106,0,0
40.8470933,-80.3513133,0,0
40.8470996,-80.3513146,0,0
40.847125,-80.35132,0,0
40.847125,-80.35132,0,0
40.847144,-80.351324,0,0
40.8471566,-80.3513266,0,0
40.8471626,-80.3513283,0,0
40.8471866,-80.351335,0,0
40.8471866,-80.351335,0,0
40.8472046,-80.351341,0,0
40.8472166,-80.351345,0,0
40.8472226,-80.3513473,0,0
40.8472466,-80.3513566,0,0
40.8472466,-80.3513566,0,0
40.8472646,-80.3513636,0,0
40.8472766,-80.3513683,0,0
40.8472823,-80.3513713,0,0
40.847305,-80.3513833,0,0
40.847305,-80.3513833,0,0
40.847322,-80.3513913,0,0
40.8473333,-80.3513966,START:Turn 9-10,0
40.8473386,-80.3513999,0,0
40.84736,-80.3514133,0,0
40.84736,-80.3514133,0,0
40.847376,-80.3514233,0,0
40.8473866,-80.35143,0,0
40.8473919,-80.3514337,0,0
40.8474133,-80.3514483,0,0
40.8474133,-80.3514483,0,0
40.8474283,-80.3514593,0,0
40.8474383,-80.3514666,0,0
40.8474433,-80.3514706,0,0
40.8474633,-80.3514866,0,0
40.8474633,-80.3514866,0,0
40.8474773,-80.3514996,0,0
40.8474866,-80.3515083,0,0
40.8474909,-80.3515126,0,0
40.8475083,-80.35153,0,0
40.8475083,-80.35153,0,0
40.8475223,-80.351544,0,0
40.8475316,-80.3515533,0,0
40.8475356,-80.3515583,0,0
40.8475516,-80.3515783,0,0
40.8475516,-80.3515783,0,0
40.8475646,-80.3515923,0,0
40.8475733,-80.3516016,0,0
40.8475773,-80.3516069,0,0
40.8475933,-80.3516283,0,0
40.8475933,-80.3516283,0,0
40.8476053,-80.3516443,0,0
40.8476133,-80.351655,0,0
40.847617,-80.3516607,0,0
40.8476316,-80.3516833,0,0
40.8476316,-80.3516833,0,0
40.8476416,-80.3517003,0,0
40.8476483,-80.3517116,0,0
40.847652,-80.3517179,0,0
40.8476666,-80.3517433,0,0
40.8476666,-80.3517433,0,0
40.8476756,-80.3517623,0,0
40.8476816,-80.351775,0,0
40.8476849,-80.3517817,0,0
40.8476983,-80.3518083,0,0
40.8476983,-80.3518083,0,0
40.8477073,-80.3518283,0,0
40.8477133,-80.3518416,0,0
40.8477163,-80.3518486,0,0
40.8477283,-80.3518766,0,0
40.8477283,-80.3518766,0,0
40.8477363,-80.3518976,0,0
40.8477416,-80.3519116,0,0
40.8477443,-80.3519189,0,0
40.847755,-80.3519483,0,0
40.847755,-80.3519483,0,0
40.847763,-80.3519703,0,0
40.8477683,-80.351985,0,0
40.8477706,-80.3519927,0,0
40.84778,-80.3520233,0,0
40.84778,-80.3520233,0,0
40.847786,-80.3520463,START:Turn 11,0
40.84779,-80.3520616,0,0
40.847792,-80.3520693,0,0
40.8478,-80.3521,0,0
40.8478,-80.3521,0,0
40.847805,-80.352124,0,0
40.8478083,-80.35214,0,0
40.84781,-80.3521483,0,0
40.8478166,-80.3521816,0,0
40.8478166,-80.3521816,0,0
40.8478216,-80.3522056,0,0
40.847825,-80.3522216,0,0
40.8478263,-80.3522299,0,0
40.8478316,-80.3522633,0,0
40.8478316,-80.3522633,0,0
40.8478346,-80.3522883,0,0
40.8478366,-80.352305,0,0
40.8478379,-80.3523137,0,0
40.8478433,-80.3523483,0,0
40.8478433,-80.3523483,0,0
40.8478453,-80.3523733,0,0
40.8478466,-80.35239,0,0
40.8478476,-80.3523987,0,0
40.8478516,-80.3524333,0,0
40.8478516,-80.3524333,0,0
40.8478536,-80.3524593,0,0
40.847855,-80.3524766,0,0
40.847856,-80.3524856,0,0
40.84786,-80.3525216,0,0
40.84786,-80.3525216,0,0
40.847863,-80.3525476,0,0
40.847865,-80.352565,0,0
40.847866,-80.3525737,0,0
40.84787,-80.3526083,0,0
40.84787,-80.3526083,0,0
40.847874,-80.3526343,0,0
40.8478766,-80.3526516,0,0
40.8478779,-80.3526606,0,0
40.8478833,-80.3526966,0,0
40.8478833,-80.3526966,0,0
40.8478873,-80.3527226,0,0
40.84789,-80.35274,0,0
40.8478917,-80.3527487,0,0
40.8478983,-80.3527833,0,0
40.8478983,-80.3527833,0,0
40.8479043,-80.3528093,0,0
40.8479083,-80.3528266,0,0
40.8479103,-80.3528353,0,0
40.8479183,-80.35287,0,0
40.8479183,-80.35287,0,0
40.8479243,-80.352896,0,0
40.8479283,-80.3529133,0,0
40.8479306,-80.352922,0,0
40.84794,-80.3529566,0,0
40.84794,-80.3529566,0,0
40.847947,-80.3529816,0,0
40.8479516,-80.3529983,0,0
40.8479543,-80.3530066,0,0
40.847965,-80.35304,0,0
40.847965,-80.35304,0,0
40.847973,-80.353065,0,0
40.8479783,-80.3530816,0,0
40.8479816,-80.3530896,0,0
40.847995,-80.3531216,0,0
40.847995,-80.3531216,0,0
40.848005,-80.3531456,0,0
40.8480116,-80.3531616,0,0
40.8480153,-80.3531696,0,0
40.84803,-80.3532016,0,0
40.84803,-80.3532016,0,0
40.848041,-80.3532246,0,0
40.8480483,-80.35324,0,0
40.848052,-80.3532473,0,0
40.8480666,-80.3532766,0,0
40.8480666,-80.3532766,0,0
40.8480806,-80.3532976,0,0
40.84809,-80.3533116,0,0
40.8480947,-80.3533186,0,0
40.8481133,-80.3533466,0,0
40.8481133,-80.3533466,0,0
40.8481273,-80.3533666,0,0
40.8481366,-80.35338,0,0
40.8481419,-80.3533863,0,0
40.8481633,-80.3534116,0,0
40.8481633,-80.3534116,0,0
40.8481783,-80.3534306,0,0
40.8481883,-80.3534433,0,0
40.848194,-80.3534493,0,0
40.8482166,-80.3534733,0,0
40.8482166,-80.3534733,0,0
40.8482326,-80.3534903,0,0
40.8482433,-80.3535016,0,0
40.848249,-80.3535073,0,0
40.8482716,-80.35353,0,0
40.8482716,-80.35353,0,0
40.8482896,-80.353546,0,0
40.8483016,-80.3535566,STOP,0
40.8483076,-80.3535613,0,0
40.8483316,-80.35358,0,0
40.8483316,-80.35358,0,0
40.8483496,-80.353595,0,0
40.8483616,-80.353605,0,0
40.8483679,-80.3536093,0,0
40.8483933,-80.3536266,SPLIT:Exit of 11,0
40.8483933,-80.3536266,0,0
40.8484123,-80.3536396,0,0
40.848425,-80.3536483,0,0
40.8484317,-80.3536523,0,0
40.8484583,-80.3536683,0,0
40.8484583,-80.3536683,0,0
40.8484773,-80.3536793,0,0
40.84849,-80.3536866,0,0
40.8484967,-80.3536903,0,0
40.8485233,-80.353705,0,0
40.8485233,-80.353705,0,0
40.8485443,-80.353716,0,0
40.8485583,-80.3537233,0,0
40.848565,-80.3537266,0,0
40.8485916,-80.35374,0,0
40.8485916,-80.35374,0,0
40.8486126,-80.35375,0,0
40.8486266,-80.3537566,0,0
40.8486333,-80.3537596,0,0
40.84866,-80.3537716,0,0
40.84866,-80.3537716,0,0
40.848681,-80.3537806,0,0
40.848695,-80.3537866,0,0
40.848702,-80.3537899,0,0
40.84873,-80.3538033,0,0
40.84873,-80.3538033,0,0
40.848751,-80.3538123,0,0
40.848765,-80.3538183,0,0
40.848772,-80.3538213,0,0
40.8488,-80.3538333,0,0
40.8488,-80.3538333,0,0
40.848821,-80.3538423,0,0
40.848835,-80.3538483,0,0
40.848842,-80.3538513,0,0
40.84887,-80.3538633,0,0
40.84887,-80.3538633,0,0
40.848891,-80.3538723,0,0
40.848905,-80.3538783,0,0
40.848912,-80.353881,0,0
40.84894,-80.3538916,0,0
40.84894,-80.3538916,0,0
40.84896,-80.3539006,0,0
40.8489733,-80.3539066,0,0
40.8489796,-80.3539096,0,0
40.849005,-80.3539216,0,0
40.849005,-80.3539216,0,0
40.849025,-80.3539296,0,0
40.8490383,-80.353935,0,0
40.8490446,-80.3539377,0,0
40.84907,-80.3539483,0,0
40.84907,-80.3539483,0,0
40.849089,-80.3539563,0,0
40.8491016,-80.3539616,0,0
40.8491076,-80.3539643,0,0
40.8491316,-80.353975,START:Turn 12-13,0
40.8491316,-80.353975,0,0
40.8491506,-80.353982,0,0
40.8491633,-80.3539866,0,0
40.8491693,-80.3539893,0,0
40.8491933,-80.354,0,0
40.8491933,-80.354,0,0
40.8492113,-80.354007,0,0
40.8492233,-80.3540116,0,0
40.849229,-80.3540139,0,0
40.8492516,-80.3540233,0,0
40.8492516,-80.3540233,0,0
40.8492696,-80.3540293,0,0
40.8492816,-80.3540333,0,0
40.8492873,-80.354035,0,0
40.84931,-80.3540416,0,0
40.84931,-80.3540416,0,0
40.849327,-80.3540466,0,0
40.8493383,-80.35405,0,0
40.8493443,-80.3540513,0,0
40.8493683,-80.3540566,0,0
40.8493683,-80.3540566,0,0
40.8493853,-80.3540596,0,0
40.8493966,-80.3540616,0,0
40.8494023,-80.3540623,0,0
40.849425,-80.354065,0,0
40.849425,-80.354065,0,0
40.849442,-80.354067,0,0
40.8494533,-80.3540683,0,0
40.8494586,-80.3540686,0,0
40.84948,-80.35407,0,0
40.84948,-80.35407,0,0
40.849497,-80.35407,0,0
40.8495083,-80.35407,0,0
40.8495136,-80.3540697,0,0
40.849535,-80.3540683,0,0
40.849535,-80.3540683,0,0
40.849552,-80.3540653,0,0
40.8495633,-80.3540633,0,0
40.8495683,-80.354062,0,0
40.8495883,-80.3540566,0,0
40.8495883,-80.3540566,0,0
40.8496043,-80.3540526,0,0
40.849615,-80.35405,0,0
40.84962,-80.354048,0,0
40.84964,-80.35404,0,0
40.84964,-80.35404,0,0
40.849656,-80.354033,0,0
40.8496666,-80.3540283,0,0
40.8496713,-80.3540256,0,0
40.84969,-80.354015,0,0
40.84969,-80.354015,0,0
40.849705,-80.354006,0,0
40.849715,-80.354,0,0
40.8497197,-80.353997,0,0
40.8497383,-80.353985,0,0
40.8497383,-80.353985,0,0
40.8497513,-80.353974,0,0
40.84976,-80.3539666,0,0
40.8497647,-80.3539629,0,0
40.8497833,-80.3539483,0,0
40.8497833,-80.3539483,0,0
40.8497953,-80.3539353,0,0
40.8498033,-80.3539266,0,0
40.8498073,-80.3539219,0,0
40.8498233,-80.3539033,0,0
40.8498233,-80.3539033,0,0
40.8498343,-80.3538893,0,0
40.8498416,-80.35388,0,0
40.8498453,-80.3538747,0,0
40.84986,-80.3538533,0,0
40.84986,-80.3538533,0,0
40.849871,-80.3538373,0,0
40.8498783,-80.3538266,0,0
40.8498813,-80.3538213,0,0
40.8498933,-80.3538,0,0
40.8498933,-80.3538,0,0
40.8499033,-80.353783,0,0
40.84991,-80.3537716,0,0
40.849913,-80.3537656,0,0
40.849925,-80.3537416,0,0
40.849925,-80.3537416,0,0
40.849934,-80.3537236,0,0
40.84994,-80.3537116,0,0
40.849943,-80.3537056,0,0
40.849955,-80.3536816,0,0
40.849955,-80.3536816,0,0
40.849962,-80.3536626,0,0
40.8499666,-80.35365,0,0
40.8499689,-80.3536437,0,0
40.8499783,-80.3536183,0,0
40.8499783,-80.3536183,0,0
40.8499853,-80.3535983,0,0
40.84999,-80.353585,0,0
40.849992,-80.3535783,0,0
40.85,-80.3535516,0,0
40.85,-80.3535516,0,0
40.850006,-80.3535316,0,0
40.85001,-80.3535183,0,0
40.850012,-80.3535113,0,0
40.85002,-80.3534833,0,0
40.85002,-80.3534833,0,0
40.850025,-80.3534623,0,0
40.8500283,-80.3534483,0,0
40.85003,-80.3534413,0,0
40.8500366,-80.3534133,0,0
40.8500366,-80.3534133,0,0
40.8500416,-80.3533913,0,0
40.850045,-80.3533766,0,0
40.8500467,-80.3533696,0,0
40.8500533,-80.3533416,0,0
40.8500533,-80.3533416,0,0
40.8500583,-80.3533206,0,0
40.8500616,-80.3533066,0,0
40.8500633,-80.3532993,0,0
40.85007,-80.35327,0,0
40.85007,-80.35327,0,0
40.850076,-80.353249,0,0
40.85008,-80.353235,0,0
40.8500823,-80.353228,0,0
40.8500916,-80.3532,0,0
40.8500916,-80.3532,0,0
40.8500986,-80.353179,0,0
40.8501033,-80.353165,0,0
40.850106,-80.3531583,0,0
40.8501166,-80.3531316,0,0
40.8501166,-80.3531316,0,0
40.8501256,-80.3531116,0,0
40.8501316,-80.3530983,0,0
40.8501346,-80.353092,0,0
40.8501466,-80.3530666,0,0
40.8501466,-80.3530666,0,0
40.8501566,-80.3530466,0,0
40.8501633,-80.3530333,0,0
40.8501666,-80.3530273,0,0
40.85018,-80.3530033,0,0
40.85018,-80.3530033,0,0
40.850191,-80.3529853,0,0
40.8501983,-80.3529733,0,0
40.8502023,-80.3529673,0,0
40.8502183,-80.3529433,0,0
40.8502183,-80.3529433,0,0
40.8502303,-80.3529263,0,0
40.8502383,-80.352915,0,0
40.8502426,-80.3529097,0,0
40.85026,-80.3528883,0,0
40.85026,-80.3528883,0,0
40.850273,-80.3528723,0,0
40.8502816,-80.3528616,0,0
40.8502863,-80.3528563,0,0
40.850305,-80.352835,0,0
40.850305,-80.352835,0,0
40.850319,-80.35282,0,0
40.8503283,-80.35281,0,0
40.8503333,-80.3528053,0,0
40.8503533,-80.3527866,0,0
40.8503533,-80.3527866,0,0
40.8503683,-80.3527726,STOP,0
40.8503783,-80.3527633,0,0
40.8503836,-80.352759,0,0
40.850405,-80.3527416,START:Turn 14,0
40.850405,-80.3527416,0,0
40.850421,-80.3527286,0,0
40.8504316,-80.35272,0,0
40.8504369,-80.352716,0,0
40.8504583,-80.3527,0,0
40.8504583,-80.3527,0,0
40.8504743,-80.352688,0,0
40.850485,-80.35268,0,0
40.8504907,-80.352676,0,0
40.8505133,-80.35266,0,0
40.8505133,-80.35266,0,0
40.8505303,-80.352649,0,0
40.8505416,-80.3526416,0,0
40.8505473,-80.3526376,0,0
40.85057,-80.3526216,0,0
40.85057,-80.3526216,0,0
40.850586,-80.3526096,0,0
40.8505966,-80.3526016,0,0
40.8506023,-80.3525976,0,0
40.850625,-80.3525816,0,0
40.850625,-80.3525816,0,0
40.850641,-80.3525696,0,0
40.8506516,-80.3525616,0,0
40.8506569,-80.3525573,0,0
40.8506783,-80.35254,0,0
40.8506783,-80.35254,0,0
40.8506953,-80.352526,0,0
40.8507066,-80.3525166,0,0
40.8507119,-80.3525119,0,0
40.8507333,-80.3524933,0,0
40.8507333,-80.3524933,0,0
40.8507493,-80.3524803,0,0
40.85076,-80.3524716,0,0
40.8507653,-80.3524669,0,0
40.8507866,-80.3524483,0,0
40.8507866,-80.3524483,0,0
40.8508026,-80.3524333,0,0
40.8508133,-80.3524233,0,0
40.8508183,-80.3524183,0,0
40.8508383,-80.3523983,0,0
40.8508383,-80.3523983,0,0
40.8508533,-80.3523823,0,0
40.8508633,-80.3523716,0,0
40.850868,-80.3523659,0,0
40.8508866,-80.3523433,0,0
40.8508866,-80.3523433,0,0
40.8509006,-80.3523263,0,0
40.85091,-80.352315,0,0
40.8509147,-80.3523093,0,0
40.8509333,-80.3522866,0,0
40.8509333,-80.3522866,0,0
40.8509463,-80.3522676,0,0
40.850955,-80.352255,0,0
40.8509593,-80.3522487,0,0
40.8509766,-80.3522233,0,0
40.8509766,-80.3522233,0,0
40.8509876,-80.3522043,0,0
40.850995,-80.3521916,0,0
40.850999,-80.3521846,0,0
40.851015,-80.3521566,0,0
40.851015,-80.3521566,0,0
40.851026,-80.3521356,0,0
40.8510333,-80.3521216,0,0
40.8510373,-80.3521146,0,0
40.8510533,-80.3520866,0,0
40.8510533,-80.3520866,0,0
40.8510633,-80.3520646,0,0
40.85107,-80.35205,0,0
40.8510737,-80.3520427,0,0
40.8510883,-80.3520133,0,0
40.8510883,-80.3520133,0,0
40.8510983,-80.3519903,0,0
40.851105,-80.351975,0,0
40.851108,-80.3519673,0,0
40.85112,-80.3519366,0,0
40.85112,-80.3519366,0,0
40.851129,-80.3519116,0,0
40.851135,-80.351895,0,0
40.8511377,-80.3518867,0,0
40.8511483,-80.3518533,0,0
40.8511483,-80.3518533,0,0
40.8511563,-80.3518283,0,0
40.8511616,-80.3518116,0,0
40.8511639,-80.3518029,0,0
40.8511733,-80.3517683,0,0
40.8511733,-80.3517683,0,0
40.8511793,-80.3517413,0,0
40.8511833,-80.3517233,0,0
40.8511853,-80.3517146,0,0
40.8511933,-80.35168,0,0
40.8511933,-80.35168,0,0
40.8511983,-80.351653,0,0
40.8512016,-80.351635,0,0
40.8512033,-80.3516257,0,0
40.85121,-80.3515883,0,0
40.85121,-80.3515883,0,0
40.851214,-80.3515613,0,0
40.8512166,-80.3515433,0,0
40.8512179,-80.351534,0,0
40.8512233,-80.3514966,0,0
40.8512233,-80.3514966,0,0
40.8512263,-80.3514686,0,0
40.8512283,-80.35145,0,0
40.851229,-80.3514407,0,0
40.8512316,-80.3514033,0,0
40.8512316,-80.3514033,0,0
40.8512336,-80.3513743,0,0
40.851235,-80.351355,0,0
40.851235,-80.3513453,0,0
40.851235,-80.3513066,0,0
40.851235,-80.3513066,0,0
40.851236,-80.3512776,0,0
40.8512366,-80.3512583,0,0
40.8512359,-80.3512486,0,0
40.8512333,-80.35121,0,0
40.8512333,-80.35121,0,0
40.8512323,-80.351181,0,0
40.8512316,-80.3511616,0,0
40.8512313,-80.3511519,0,0
40.85123,-80.3511133,STOP,0
40.85123,-80.3511133,0,0
40.851228,-80.3510843,0,0
40.8512266,-80.351065,0,0
40.8512263,-80.3510553,0,0
40.851225,-80.3510166,0,0
40.851225,-80.3510166,0,0
40.851222,-80.3509876,0,0
40.85122,-80.3509683,0,0
40.8512193,-80.3509586,0,0
40.8512166,-80.35092,0,0
40.8512166,-80.35092,0,0
40.8512136,-80.350891,0,0
40.8512116,-80.3508716,0,0
40.8512106,-80.3508619,0,0
40.8512066,-80.3508233,0,0
40.8512066,-80.3508233,0,0
40.8512036,-80.3507943,0,0
40.8512016,-80.350775,0,0
40.8512006,-80.3507653,0,0
40.8511966,-80.3507266,0,0
40.8511966,-80.3507266,0,0
40.8511936,-80.3506966,0,0
40.8511916,-80.3506766,0,0
40.8511906,-80.3506669,0,0
40.8511866,-80.3506283,0,0
40.8511866,-80.3506283,0,0
40.8511836,-80.3505993,0,0
40.8511816,-80.35058,0,0
40.8511806,-80.35057,0,0
40.8511766,-80.35053,0,0
40.8511766,-80.35053,0,0
40.8511736,-80.3505,0,0
40.8511716,-80.35048,0,0
40.8511706,-80.35047,0,0
40.8511666,-80.35043,0,0
40.8511666,-80.35043,0,0
40.8511636,-80.3504,0,0
40.8511616,-80.35038,0,0
40.8511606,-80.35037,0,0
40.8511566,-80.35033,SPLIT:Downhill,0
40.8511566,-80.35033,0,0
40.8511546,-80.350299,0,0
40.8511533,-80.3502783,0,0
40.8511523,-80.3502683,0,0
40.8511483,-80.3502283,0,0
40.8511483,-80.3502283,0,0
40.8511453,-80.3501973,0,0
40.8511433,-80.3501766,0,0
40.8511426,-80.3501666,0,0
40.85114,-80.3501266,0,0
40.85114,-80.3501266,0,0
40.851137,-80.3500956,0,0
40.851135,-80.350075,0,0
40.8511343,-80.3500647,0,0
40.8511316,-80.3500233,0,0
40.8511316,-80.3500233,0,0
40.8511296,-80.3499923,0,0
40.8511283,-80.3499716,0,0
40.8511276,-80.3499613,0,0
40.851125,-80.34992,0,0
40.851125,-80.34992,0,0
40.851123,-80.349888,0,0
40.8511216,-80.3498666,0,0
40.8511213,-80.3498563,0,0
40.85112,-80.349815,0,0
40.85112,-80.349815,0,0
40.851119,-80.349783,0,0
40.8511183,-80.3497616,0,0
40.851118,-80.3497513,0,0
40.8511166,-80.34971,0,0
40.8511166,-80.34971,0,0
40.8511156,-80.349678,0,0
40.851115,-80.3496566,0,0
40.851115,-80.3496459,0,0
40.851115,-80.3496033,0,0
40.851115,-80.3496033,0,0
40.851115,-80.3495703,0,0
40.851115,-80.3495483,0,0
40.8511153,-80.3495376,0,0
40.8511166,-80.349495,0,0
40.8511166,-80.349495,0,0
40.8511176,-80.349463,0,0
40.8511183,-80.3494416,0,0
40.8511186,-80.3494306,0,0
40.85112,-80.3493866,0,0
40.85112,-80.3493866,0,0
40.851122,-80.3493546,0,0
40.8511233,-80.3493333,0,0
40.851124,-80.3493223,0,0
40.8511266,-80.3492783,0,0
40.8511266,-80.3492783,0,0
40.8511286,-80.3492463,0,0
40.85113,-80.349225,0,0
40.851131,-80.349214,0,0
40.851135,-80.34917,0,0
40.851135,-80.34917,0,0
40.851138,-80.349138,0,0
40.85114,-80.3491166,0,0
40.8511413,-80.3491056,0,0
40.8511466,-80.3490616,0,0
40.8511466,-80.3490616,0,0
40.8511506,-80.3490296,0,0
40.8511533,-80.3490083,0,0
40.851155,-80.3489973,0,0
40.8511616,-80.3489533,0,0
40.8511616,-80.3489533,0,0
40.8511666,-80.3489213,0,0
40.85117,-80.3489,0,0
40.851172,-80.3488893,0,0
40.85118,-80.3488466,0,0
40.85118,-80.3488466,0,0
40.851187,-80.3488136,0,0
40.8511916,-80.3487916,0,0
40.8511939,-80.3487809,0,0
40.8512033,-80.3487383,0,0
40.8512033,-80.3487383,0,0
40.8512113,-80.3487063,0,0
40.8512166,-80.348685,0,0
40.8512193,-80.3486743,0,0
40.85123,-80.3486316,0,0
40.85123,-80.3486316,0,0
40.851239,-80.3485996,0,0
40.851245,-80.3485783,0,0
40.851248,-80.3485676,0,0
40.85126,-80.348525,0,0
40.85126,-80.348525,0,0
40.851269,-80.348494,0,0
40.851275,-80.3484733,0,0
40.851278,-80.3484626,0,0
40.85129,-80.34842,0,0
40.85129,-80.34842,0,0
40.851301,-80.348388,0,0
40.8513083,-80.3483666,0,0
40.8513116,-80.3483563,0,0
40.851325,-80.348315,0,0
40.851325,-80.348315,0,0
40.851336,-80.348284,0,0
40.8513433,-80.3482633,0,0
40.8513473,-80.348253,0,0
40.8513633,-80.3482116,0,0
40.8513633,-80.3482116,0,0
40.8513753,-80.3481806,0,0
40.8513833,-80.34816,0,0
40.8513873,-80.3481497,0,0
40.8514033,-80.3481083,0,0
40.8514033,-80.3481083,0,0
40.8514153,-80.3480783,0,0
40.8514233,-80.3480583,0,0
40.8514276,-80.348048,0,0
40.851445,-80.3480066,0,0
40.851445,-80.3480066,0,0
40.851457,-80.3479766,0,0
40.851465,-80.3479566,0,0
40.8514693,-80.3479463,0,0
40.8514866,-80.347905,0,0
40.8514866,-80.347905,0,0
40.8514996,-80.347875,0,0
40.8515083,-80.347855,0,0
40.851513,-80.347845,0,0
40.8515316,-80.347805,0,0
40.8515316,-80.347805,0,0
40.8515446,-80.347774,0,0
40.8515533,-80.3477533,0,0
40.8515576,-80.3477433,0,0
40.851575,-80.3477033,0,0
40.851575,-80.3477033,0,0
40.851589,-80.3476733,0,0
40.8515983,-80.3476533,0,0
40.8516026,-80.347643,0,0
40.85162,-80.3476016,0,0
40.85162,-80.3476016,0,0
40.851633,-80.3475706,0,0
40.8516416,-80.34755,0,0
40.8516459,-80.3475397,0,0
40.8516633,-80.3474983,0,0
40.8516633,-80.3474983,0,0
40.8516763,-80.3474673,0,0
40.851685,-80.3474466,0,0
40.851689,-80.3474359,0,0
40.851705,-80.3473933,0,0
40.851705,-80.3473933,0,0
40.851717,-80.3473623,0,0
40.851725,-80.3473416,0,0
40.8517293,-80.3473309,0,0
40.8517466,-80.3472883,0,0
40.8517466,-80.3472883,0,0
40.8517586,-80.3472563,0,0
40.8517666,-80.347235,0,0
40.8517706,-80.3472243,0,0
40.8517866,-80.3471816,0,0
40.8517866,-80.3471816,0,0
40.8517986,-80.3471486,0,0
40.8518066,-80.3471266,0,0
40.8518103,-80.3471159,0,0
40.851825,-80.3470733,0,0
40.851825,-80.3470733,0,0
40.851837,-80.3470403,0,0
40.851845,-80.3470183,0,0
40.851849,-80.3470076,0,0
40.851865,-80.346965,0,0
40.851865,-80.346965,0,0
40.851877,-80.346932,0,0
40.851885,-80.34691,0,0
40.851889,-80.346899,0,0
40.851905,-80.346855,0,0
40.851905,-80.346855,0,0
40.851916,-80.346822,0,0
40.8519233,-80.3468,0,0
40.8519273,-80.346789,0,0
40.8519433,-80.346745,0,0
40.8519433,-80.346745,0,0
40.8519553,-80.346712,0,0
40.8519633,-80.34669,0,0
40.8519673,-80.346679,0,0
40.8519833,-80.346635,0,0
40.8519833,-80.346635,0,0
40.8519943,-80.346602,0,0
40.8520016,-80.34658,0,0
40.8520056,-80.3465687,0,0
40.8520216,-80.3465233,0,0
40.8520216,-80.3465233,0,0
40.8520336,-80.3464903,0,0
40.8520416,-80.3464683,0,0
40.8520456,-80.346457,0,0
40.8520616,-80.3464116,0,0
40.8520616,-80.3464116,0,0
40.8520726,-80.3463786,SPLIT:BackStraight,0
40.85208,-80.3463566,0,0
40.852084,-80.3463453,0,0
40.8521,-80.3463,0,0
40.8521,-80.3463,0,0
40.852112,-80.346267,0,0
40.85212,-80.346245,0,0
40.852124,-80.3462337,0,0
40.85214,-80.3461883,0,0
40.85214,-80.3461883,0,0
40.852152,-80.3461543,0,0
40.85216,-80.3461316,0,0
40.852164,-80.3461203,0,0
40.85218,-80.346075,0,0
40.85218,-80.346075,0,0
40.852193,-80.346041,0,0
40.8522016,-80.3460183,0,0
40.8522056,-80.346007,0,0
40.8522216,-80.3459616,0,0
40.8522216,-80.3459616,0,0
40.8522336,-80.3459276,0,0
40.8522416,-80.345905,0,0
40.8522456,-80.3458937,0,0
40.8522616,-80.3458483,0,0
40.8522616,-80.3458483,0,0
40.8522736,-80.3458143,0,0
40.8522816,-80.3457916,0,0
40.8522853,-80.3457799,0,0
40.8523,-80.3457333,0,0
40.8523,-80.3457333,0,0
40.852312,-80.3456983,0,0
40.85232,-80.345675,0,0
40.8523237,-80.3456633,0,0
40.8523383,-80.3456166,0,0
40.8523383,-80.3456166,0,0
40.8523493,-80.3455816,0,0
40.8523566,-80.3455583,0,0
40.8523603,-80.3455466,0,0
40.852375,-80.3455,0,0
40.852375,-80.3455,0,0
40.852385,-80.345465,0,0
40.8523916,-80.3454416,0,0
40.8523949,-80.3454296,0,0
40.8524083,-80.3453816,0,0
40.8524083,-80.3453816,0,0
40.8524183,-80.3453456,0,0
40.852425,-80.3453216,0,0
40.852428,-80.3453099,0,0
40.85244,-80.3452633,0,0
40.85244,-80.3452633,0,0
40.852449,-80.3452273,0,0
40.852455,-80.3452033,0,0
40.852458,-80.3451913,0,0
40.85247,-80.3451433,0,0
40.85247,-80.3451433,0,0
40.852478,-80.3451073,0,0
40.8524833,-80.3450833,0,0
40.8524856,-80.3450713,0,0
40.852495,-80.3450233,0,0
40.852495,-80.3450233,0,0
40.852502,-80.3449873,0,0
40.8525066,-80.3449633,0,0
40.8525086,-80.3449513,0,0
40.8525166,-80.3449033,0,0
40.8525166,-80.3449033,0,0
40.8525226,-80.3448673,0,0
40.8525266,-80.3448433,0,0
40.8525286,-80.3448313,0,0
40.8525366,-80.3447833,0,0
40.8525366,-80.3447833,0,0
40.8525416,-80.3447463,0,0
40.852545,-80.3447216,0,0
40.8525467,-80.3447096,0,0
40.8525533,-80.3446616,0,0
40.8525533,-80.3446616,0,0
40.8525573,-80.3446256,0,0
40.85256,-80.3446016,0,0
40.8525613,-80.3445893,0,0
40.8525666,-80.34454,0,0
40.8525666,-80.34454,0,0
40.8525706,-80.344504,0,0
40.8525733,-80.34448,0,0
40.852574,-80.3444677,0,0
40.8525766,-80.3444183,0,0
40.8525766,-80.3444183,0,0
40.8525786,-80.3443813,0,0
40.85258,-80.3443566,0,0
40.8525803,-80.3443439,0,0
40.8525816,-80.3442933,0,0
40.8525816,-80.3442933,0,0
40.8525826,-80.3442563,0,0
40.8525833,-80.3442316,0,0
40.8525836,-80.3442193,0,0
40.852585,-80.34417,0,0
40.852585,-80.34417,0,0
40.852585,-80.344132,0,0
40.852585,-80.3441066,0,0
40.8525847,-80.3440943,0,0
40.8525833,-80.344045,0,0
40.8525833,-80.344045,0,0
40.8525833,-80.344008,0,0
40.8525833,-80.3439833,0,0
40.852583,-80.3439706,0,0
40.8525816,-80.34392,START:Turn 17-18,0
40.8525816,-80.34392,0,0
40.8525806,-80.343883,0,0
40.85258,-80.3438583,0,0
40.8525793,-80.3438456,0,0
40.8525766,-80.343795,0,0
40.8525766,-80.343795,0,0
40.8525746,-80.343758,0,0
40.8525733,-80.3437333,0,0
40.8525723,-80.343721,0,0
40.8525683,-80.3436716,0,0
40.8525683,-80.3436716,0,0
40.8525663,-80.3436356,0,0
40.852565,-80.3436116,0,0
40.852564,-80.3435996,0,0
40.85256,-80.3435516,0,0
40.85256,-80.3435516,0,0
40.852557,-80.3435166,0,0
40.852555,-80.3434933,0,0
40.852554,-80.3434816,0,0
40.85255,-80.343435,0,0
40.85255,-80.343435,0,0
40.852547,-80.343401,0,0
40.852545,-80.3433783,0,0
40.852544,-80.343367,0,0
40.85254,-80.3433216,0,0
40.85254,-80.3433216,0,0
40.852537,-80.3432896,0,0
40.852535,-80.3432683,0,0
40.8525343,-80.3432576,0,0
40.8525316,-80.343215,0,0
40.8525316,-80.343215,0,0
40.8525286,-80.343184,0,0
40.8525266,-80.3431633,0,0
40.8525259,-80.343153,0,0
40.8525233,-80.3431116,0,0
40.8525233,-80.3431116,0,0
40.8525203,-80.3430816,0,0
40.8525183,-80.3430616,0,0
40.8525176,-80.3430519,0,0
40.852515,-80.3430133,0,0
40.852515,-80.3430133,0,0
40.852512,-80.3429843,0,0
40.85251,-80.342965,0,0
40.8525093,-80.342956,0,0
40.8525066,-80.34292,0,0
40.8525066,-80.34292,0,0
40.8525036,-80.342893,0,0
40.8525016,-80.342875,0,0
40.8525009,-80.3428663,0,0
40.8524983,-80.3428316,0,0
40.8524983,-80.3428316,0,0
40.8524953,-80.3428066,0,0
40.8524933,-80.34279,0,0
40.8524926,-80.342782,0,0
40.85249,-80.34275,0,0
40.85249,-80.34275,0,0
40.852487,-80.342727,0,0
40.852485,-80.3427116,0,0
40.852484,-80.3427043,0,0
40.85248,-80.342675,0,0
40.85248,-80.342675,0,0
40.852478,-80.342654,0,0
40.8524766,-80.34264,0,0
40.8524756,-80.342633,0,0
40.8524716,-80.342605,0,0
40.8524716,-80.342605,0,0
40.8524686,-80.342585,0,0
40.8524666,-80.3425716,0,0
40.8524656,-80.3425653,0,0
40.8524616,-80.34254,0,0
40.8524616,-80.34254,0,0
40.8524586,-80.342521,0,0
40.8524566,-80.3425083,0,0
40.8524553,-80.3425023,0,0
40.85245,-80.3424783,0,0
40.85245,-80.3424783,0,0
40.852446,-80.3424603,0,0
40.8524433,-80.3424483,0,0
40.8524416,-80.3424426,0,0
40.852435,-80.34242,0,0
40.852435,-80.34242,0,0
40.85243,-80.342404,0,0
40.8524266,-80.3423933,0,0
40.8524249,-80.342388,0,0
40.8524183,-80.3423666,0,0
40.8524183,-80.3423666,0,0
40.8524123,-80.3423516,0,0
40.8524083,-80.3423416,0,0
40.852406,-80.3423366,0,0
40.8523966,-80.3423166,0,0
40.8523966,-80.3423166,0,0
40.8523896,-80.3423026,0,0
40.852385,-80.3422933,0,0
40.8523827,-80.342289,0,0
40.8523733,-80.3422716,0,0
40.8523733,-80.3422716,0,0
40.8523733,-80.3422716,0,0
40.852368,-80.342263,0,0
40.85236,-80.34225,0,0
40.85236,-80.34225,0,0
40.8523493,-80.3422326,0,0
40.8523466,-80.3422283,0,0
40.8523413,-80.3422203,0,0
40.85233,-80.3422046,0,0
40.8523166,-80.34219,0,0
40.8523166,-80.34219,0,0
40.8523066,-80.342181,0,0
40.8523,-80.342175,0,0
40.8522963,-80.342172,0,0
40.8522816,-80.34216,0,0
40.8522816,-80.34216,0,0
40.8522696,-80.342153,0,0
40.8522616,-80.3421483,0,0
40.8522579,-80.342146,0,0
40.8522433,-80.3421366,0,0
40.8522433,-80.3421366,0,0
40.8522313,-80.3421306,0,0
40.8522233,-80.3421266,0,0
40.8522193,-80.3421249,0,0
40.8522033,-80.3421183,0,0
40.8522033,-80.3421183,0,0
40.8521913,-80.3421143,0,0
40.8521833,-80.3421116,0,0
40.852179,-80.3421103,0,0
40.8521616,-80.342105,0,0
40.8521616,-80.342105,0,0
40.8521486,-80.342103,0,0
40.85214,-80.3421016,0,0
40.8521357,-80.3421016,0,0
40.8521183,-80.3421016,0,0
40.8521183,-80.3421016,0,0
40.8521053,-80.3421026,0,0
40.8520966,-80.3421033,0,0
40.8520923,-80.3421036,0,0
40.852075,-80.342105,0,0
40.852075,-80.342105,0,0
40.852063,-80.342108,0,0
40.852055,-80.34211,0,0
40.8520507,-80.342111,0,0
40.8520333,-80.342115,0,0
40.8520333,-80.342115,0,0
40.8520203,-80.34212,0,0
40.8520116,-80.3421233,0,0
40.8520076,-80.342125,0,0
40.8519916,-80.3421316,0,0
40.8519916,-80.3421316,0,0
40.8519786,-80.3421366,0,0
40.85197,-80.34214,0,0
40.851966,-80.3421423,0,0
40.85195,-80.3421516,0,0
40.85195,-80.3421516,0,0
40.851938,-80.3421596,0,0
40.85193,-80.342165,0,0
40.851926,-80.342168,0,0
40.85191,-80.34218,0,0
40.85191,-80.34218,0,0
40.851899,-80.34219,0,0
40.8518916,-80.3421966,0,0
40.8518876,-80.3422003,0,0
40.8518716,-80.342215,0,0
40.8518716,-80.342215,0,0
40.8518616,-80.342226,0,0
40.851855,-80.3422333,0,0
40.8518513,-80.342237,0,0
40.8518366,-80.3422516,0,0
40.8518366,-80.3422516,0,0
40.8518256,-80.3422646,0,0
40.8518183,-80.3422733,0,0
40.851815,-80.3422773,0,0
40.8518016,-80.3422933,0,0
40.8518016,-80.3422933,0,0
40.8517916,-80.3423063,0,0
40.851785,-80.342315,0,0
40.8517817,-80.3423193,0,0
40.8517683,-80.3423366,0,0
40.8517683,-80.3423366,0,0
40.8517593,-80.3423506,0,0
40.8517533,-80.34236,0,0
40.8517503,-80.342365,0,0
40.8517383,-80.342385,0,0
40.8517383,-80.342385,0,0
40.8517293,-80.3424,0,0
40.8517233,-80.34241,0,0
40.8517203,-80.342415,0,0
40.8517083,-80.342435,0,0
40.8517083,-80.342435,0,0
40.8517003,-80.342451,0,0
40.851695,-80.3424616,0,0
40.8516927,-80.3424669,0,0
40.8516833,-80.3424883,0,0
40.8516833,-80.3424883,0,0
40.8516753,-80.3425053,0,0
40.85167,-80.3425166,0,0
40.8516677,-80.3425223,0,0
40.8516583,-80.342545,0,0
40.8516583,-80.342545,0,0
40.8516513,-80.342562,0,0
40.8516466,-80.3425733,0,0
40.8516446,-80.3425793,0,0
40.8516366,-80.3426033,0,0
40.8516366,-80.3426033,0,0
40.8516306,-80.3426213,0,0
40.8516266,-80.3426333,0,0
40.8516249,-80.3426396,0,0
40.8516183,-80.342665,0,0
40.8516183,-80.342665,0,0
40.8516133,-80.342684,0,0
40.85161,-80.3426966,0,0
40.8516083,-80.3427029,0,0
40.8516016,-80.3427283,0,0
40.8516016,-80.3427283,0,0
40.8515966,-80.3427483,0,0
40.8515933,-80.3427616,0,0
40.851592,-80.3427683,0,0
40.8515866,-80.342795,STOP,0
40.8515866,-80.342795,0,0
40.8515826,-80.342815,0,0
40.85158,-80.3428283,0,0
40.851579,-80.342835,0,0
40.851575,-80.3428616,0,0
40.851575,-80.3428616,0,0
40.851571,-80.3428816,0,0
40.8515683,-80.342895,0,0
40.8515673,-80.342902,0,0
40.8515633,-80.34293,0,0
40.8515633,-80.34293,0,0
40.8515613,-80.342951,0,0
40.85156,-80.342965,0,0
40.8515597,-80.342972,0,0
40.8515583,-80.343,0,0
40.8515583,-80.343,0,0
40.8515563,-80.343021,0,0
40.851555,-80.343035,0,0
40.8515547,-80.3430423,0,0
40.8515533,-80.3430716,0,0
40.8515533,-80.3430716,0,0
40.8515523,-80.3430936,0,0
40.8515516,-80.3431083,0,0
40.8515516,-80.3431153,0,0
40.8515516,-80.3431433,0,0
40.8515516,-80.3431433,0,0
40.8515506,-80.3431653,0,0
40.85155,-80.34318,0,0
40.8515503,-80.3431877,0,0
40.8515516,-80.3432183,0,0
40.8515516,-80.3432183,0,0
40.8515516,-80.3432403,0,0
40.8515516,-80.343255,0,0
40.8515516,-80.3432623,0,0
40.8515516,-80.3432916,0,0
40.8515516,-80.3432916,0,0
40.8515526,-80.3433146,0,0
40.8515533,-80.34333,0,0
40.8515536,-80.3433377,0,0
40.851555,-80.3433683,0,0
40.851555,-80.3433683,0,0
40.851556,-80.3433913,0,0
40.8515566,-80.3434066,0,0
40.8515569,-80.3434143,0,0
40.8515583,-80.343445,0,0
40.8515583,-80.343445,0,0
40.8515593,-80.343468,0,0
40.85156,-80.3434833,0,0
40.8515603,-80.343491,0,0
40.8515616,-80.3435216,0,0
40.8515616,-80.3435216,0,0
40.8515616,-80.3435456,0,0
40.8515616,-80.3435616,0,0
40.8515619,-80.3435696,0,0
40.8515633,-80.3436016,0,0
40.8515633,-80.3436016,0,0
40.8515643,-80.3436246,0,0
40.851565,-80.34364,0,0
40.8515653,-80.343648,0,0
40.8515666,-80.34368,0,0
40.8515666,-80.34368,0,0
40.8515666,-80.343705,0,0
40.8515666,-80.3437216,0,0
40.8515669,-80.3437296,0,0
40.8515683,-80.3437616,0,0
40.8515683,-80.3437616,0,0
40.8515683,-80.3437866,0,0
40.8515683,-80.3438033,0,0
40.8515683,-80.3438113,0,0
40.8515683,-80.3438433,0,0
40.8515683,-80.3438433,0,0
40.8515693,-80.3438683,0,0
40.85157,-80.343885,0,0
40.85157,-80.3438933,0,0
40.85157,-80.3439266,0,0
40.85157,-80.3439266,0,0
40.85157,-80.3439516,0,0
40.85157,-80.3439683,0,0
40.8515703,-80.3439766,0,0
40.8515716,-80.34401,0,0
40.8515716,-80.34401,0,0
40.8515716,-80.344036,0,0
40.8515716,-80.3440533,0,0
40.8515716,-80.3440616,0,0
40.8515716,-80.344095,0,0
40.8515716,-80.344095,0,0
40.8515716,-80.344121,0,0
40.8515716,-80.3441383,0,0
40.8515716,-80.344147,0,0
40.8515716,-80.3441816,0,0
40.8515716,-80.3441816,0,0
40.8515716,-80.3442076,0,0
40.8515716,-80.344225,0,0
40.8515716,-80.3442337,0,0
40.8515716,-80.3442683,0,0
40.8515716,-80.3442683,0,0
40.8515716,-80.3442943,0,0
40.8515716,-80.3443116,0,0
40.8515716,-80.3443206,0,0
40.8515716,-80.3443566,0,0
40.8515716,-80.3443566,0,0
40.8515706,-80.3443826,0,0
40.85157,-80.3444,0,0
40.85157,-80.344409,0,0
40.85157,-80.344445,0,0
40.85157,-80.344445,0,0
40.85157,-80.344472,0,0
40.85157,-80.34449,0,0
40.85157,-80.344499,0,0
40.85157,-80.344535,0,0
40.85157,-80.344535,0,0
40.851569,-80.344562,0,0
40.8515683,-80.34458,0,0
40.8515683,-80.344589,0,0
40.8515683,-80.344625,0,0
40.8515683,-80.344625,0,0
40.8515673,-80.344652,0,0
40.8515666,-80.34467,0,0
40.8515663,-80.3446793,SPLIT:Turn 19,0
40.851565,-80.3447166,0,0
40.851565,-80.3447166,0,0
40.851563,-80.3447436,0,0
40.8515616,-80.3447616,0,0
40.8515609,-80.3447709,0,0
40.8515583,-80.3448083,0,0
40.8515583,-80.3448083,0,0
40.8515563,-80.3448363,0,0
40.851555,-80.344855,0,0
40.8515543,-80.344864,0,0
40.8515516,-80.3449,0,0
40.8515516,-80.3449,0,0
40.8515496,-80.344928,0,0
40.8515483,-80.3449466,0,0
40.8515473,-80.3449559,0,0
40.8515433,-80.3449933,0,0
40.8515433,-80.3449933,0,0
40.8515403,-80.3450213,0,0
40.8515383,-80.34504,0,0
40.851537,-80.3450493,0,0
40.8515316,-80.3450866,0,0
40.8515316,-80.3450866,0,0
40.8515276,-80.3451146,0,0
40.851525,-80.3451333,0,0
40.8515237,-80.3451426,0,0
40.8515183,-80.34518,0,0
40.8515183,-80.34518,0,0
40.8515143,-80.345208,0,0
40.8515116,-80.3452266,0,0
40.8515103,-80.3452359,0,0
40.851505,-80.3452733,0,0
40.851505,-80.3452733,0,0
40.8515,-80.3453013,0,0
40.8514966,-80.34532,0,0
40.8514949,-80.345329,0,0
40.8514883,-80.345365,0,0
40.8514883,-80.345365,0,0
40.8514823,-80.345393,0,0
40.8514783,-80.3454116,0,0
40.8514766,-80.3454206,0,0
40.85147,-80.3454566,0,0
40.85147,-80.3454566,0,0
40.851464,-80.3454846,0,0
40.85146,-80.3455033,0,0
40.851458,-80.3455126,0,0
40.85145,-80.34555,0,0
40.85145,-80.34555,0,0
40.851444,-80.345577,0,0
40.85144,-80.345595,0,0
40.8514377,-80.3456043,0,0
40.8514283,-80.3456416,0,0
40.8514283,-80.3456416,0,0
40.8514223,-80.3456696,0,0
40.8514183,-80.3456883,0,0
40.851416,-80.3456973,0,0
40.8514066,-80.3457333,0,0
40.8514066,-80.3457333,0,0
40.8513996,-80.3457613,0,0
40.851395,-80.34578,0,0
40.8513927,-80.3457893,0,0
40.8513833,-80.3458266,0,0
40.8513833,-80.3458266,0,0
40.8513833,-80.3458266,0,0
40.8513786,-80.3458453,0,0
40.8513689,-80.3458826,0,0
40.8513583,-80.34592,0,0
40.8513583,-80.34592,0,0
40.8513513,-80.345947,0,0
40.8513466,-80.345965,0,0
40.8513439,-80.3459743,0,0
40.8513333,-80.3460116,0,0
40.8513333,-80.3460116,0,0
40.8513253,-80.3460396,0,0
40.85132,-80.3460583,0,0
40.8513173,-80.3460676,0,0
40.8513066,-80.346105,0,0
40.8513066,-80.346105,0,0
40.8512976,-80.346133,0,0
40.8512916,-80.3461516,0,0
40.8512889,-80.3461609,0,0
40.8512783,-80.3461983,0,0
40.8512783,-80.3461983,0,0
40.8512693,-80.3462263,0,0
40.8512633,-80.346245,0,0
40.8512606,-80.3462543,0,0
40.85125,-80.3462916,0,0
40.85125,-80.3462916,0,0
40.851241,-80.3463206,0,0
40.851235,-80.34634,0,0
40.851232,-80.3463493,0,0
40.85122,-80.3463866,0,0
40.85122,-80.3463866,0,0
40.851212,-80.3464146,0,0
40.8512066,-80.3464333,0,0
40.8512036,-80.346443,0,0
40.8511916,-80.3464816,0,0
40.8511916,-80.3464816,0,0
40.8511826,-80.3465106,0,0
40.8511766,-80.34653,0,0
40.8511736,-80.3465393,0,0
40.8511616,-80.3465766,0,0
40.8511616,-80.3465766,0,0
40.8511526,-80.3466056,0,0
40.8511466,-80.346625,0,0
40.8511436,-80.3466347,0,0
40.8511316,-80.3466733,0,0
40.8511316,-80.3466733,0,0
40.8511226,-80.3467023,0,0
40.8511166,-80.3467216,0,0
40.8511136,-80.3467316,0,0
40.8511016,-80.3467716,0,0
40.8511016,-80.3467716,0,0
40.8510926,-80.3468006,0,0
40.8510866,-80.34682,0,0
40.8510836,-80.3468297,0,0
40.8510716,-80.3468683,0,0
40.8510716,-80.3468683,0,0
40.8510616,-80.3468983,0,0
40.851055,-80.3469183,0,0
40.851052,-80.346928,0,0
40.85104,-80.3469666,0,0
40.85104,-80.3469666,0,0
40.85103,-80.3469966,0,0
40.8510233,-80.3470166,0,0
40.8510203,-80.3470266,0,0
40.8510083,-80.3470666,0,0
40.8510083,-80.3470666,0,0
40.8509983,-80.3470956,0,0
40.8509916,-80.347115,0,0
40.8509886,-80.347125,0,0
40.8509766,-80.347165,0,0
40.8509766,-80.347165,0,0
40.8509666,-80.347195,0,0
40.85096,-80.347215,0,0
40.8509567,-80.347225,0,0
40.8509433,-80.347265,0,0
