GPS Latitude,GPS Longitude,Sections,GPS Speed,Summit Point Main
39.2352076,-77.9690556,0
39.2351816,-77.9690666,0
39.2351816,-77.9690666,0
39.235147,-77.9690813,0
39.2351383,-77.969085,0
39.235121,-77.9690923,0
39.235095,-77.9691033,0
39.235095,-77.9691033,0
39.2350603,-77.9691179,0
39.2350516,-77.9691216,0
39.2350343,-77.9691296,0
39.2350083,-77.9691416,0
39.2350083,-77.9691416,0
39.2349737,-77.9691563,0
39.234965,-77.96916,0
39.2349476,-77.9691673,0
39.2349216,-77.9691783,0
39.2349216,-77.9691783,0
39.234887,-77.9691929,0
39.2348783,-77.9691966,0
39.2348603,-77.9692046,0
39.2348333,-77.9692166,0
39.2348333,-77.9692166,0
39.2347987,-77.9692326,0
39.23479,-77.9692366,0
39.2347726,-77.969244,0
39.2347466,-77.969255,0
39.2347466,-77.969255,0
39.2347106,-77.969271,0
39.2347016,-77.969275,0
39.2346843,-77.9692823,0
39.2346583,-77.9692933,0
39.2346583,-77.9692933,0
39.2346223,-77.9693093,0
39.2346133,-77.9693133,0
39.2345953,-77.9693213,0
39.2345683,-77.9693333,0
39.2345683,-77.9693333,0
39.2345337,-77.9693479,0
39.234525,-77.9693516,0
39.234507,-77.9693596,0
39.23448,-77.9693716,0
39.23448,-77.9693716,0
39.234444,-77.9693863,0
39.234435,-77.96939,0
39.234417,-77.969398,0
39.23439,-77.96941,0
39.23439,-77.96941,0
39.234354,-77.969426,0
39.234345,-77.96943,0
39.234327,-77.9694373,0
39.2343,-77.9694483,0
39.2343,-77.9694483,0
39.234264,-77.9694643,0
39.234255,-77.9694683,0
39.234237,-77.9694763,0
39.23421,-77.9694883,0
39.23421,-77.9694883,0
39.234174,-77.9695029,0
39.234165,-77.9695066,0
39.234147,-77.9695146,0
39.23412,-77.9695266,0
39.23412,-77.9695266,0
39.234084,-77.9695426,0
39.234075,-77.9695466,0
39.2340576,-77.9695546,0
39.2340316,-77.9695666,0
39.2340316,-77.9695666,0
39.2339956,-77.9695826,0
39.2339866,-77.9695866,0
39.2339686,-77.9695946,0
39.2339416,-77.9696066,0
39.2339416,-77.9696066,0
39.2339056,-77.9696213,0
39.2338966,-77.969625,0
39.233878,-77.969633,0
39.23385,-77.969645,0
39.23385,-77.969645,0
39.233814,-77.969661,0
39.233805,-77.969665,0
39.233787,-77.969673,0
39.23376,-77.969685,0
39.23376,-77.969685,0
39.233724,-77.969701,0
39.233715,-77.969705,0
39.233697,-77.9697123,0
39.23367,-77.9697233,0
39.23367,-77.9697233,0
39.233634,-77.9697393,0
39.233625,-77.9697433,0
39.2336063,-77.9697513,0
39.2335783,-77.9697633,0
39.2335783,-77.9697633,0
39.2335423,-77.9697793,0
39.2335333,-77.9697833,0
39.2335153,-77.9697913,0
39.2334883,-77.9698033,0
39.2334883,-77.9698033,0
39.2334523,-77.9698193,0
39.2334433,-77.9698233,0
39.2334246,-77.9698313,0
39.2333966,-77.9698433,0
39.2333966,-77.9698433,0
39.2333606,-77.9698593,0
39.2333516,-77.9698633,0
39.233333,-77.9698713,0
39.233305,-77.9698833,0
39.233305,-77.9698833,0
39.233269,-77.9699007,0
39.23326,-77.969905,0
39.233242,-77.969913,0
39.233215,-77.969925,0
39.233215,-77.969925,0
39.2331776,-77.969941,0
39.2331683,-77.969945,0
39.2331503,-77.969953,0
39.2331233,-77.969965,0
39.2331233,-77.969965,0
39.2330859,-77.969981,0
39.2330766,-77.969985,0
39.233058,-77.969993,0
39.23303,-77.970005,0
39.23303,-77.970005,0
39.232994,-77.970021,0
39.232985,-77.970025,0
39.2329663,-77.970033,0
39.2329383,-77.970045,0
39.2329383,-77.970045,0
39.2329009,-77.970061,0
39.2328916,-77.970065,0
39.2328736,-77.970073,0
39.2328466,-77.970085,0
39.2328466,-77.970085,0
39.2328093,-77.970101,0
39.2328,-77.970105,0
39.2327813,-77.9701123,0
39.2327533,-77.9701233,0
39.2327533,-77.9701233,0
39.2327159,-77.9701393,0
39.2327066,-77.9701433,0
39.232688,-77.9701513,0
39.23266,-77.9701633,0
39.23266,-77.9701633,0
39.2326226,-77.9701793,0
39.2326133,-77.9701833,0
39.2325946,-77.9701906,0
39.2325666,-77.9702016,0
39.2325666,-77.9702016,0
39.2325293,-77.9702176,0
39.23252,-77.9702216,0
39.2325013,-77.9702296,0
39.2324733,-77.9702416,0
39.2324733,-77.9702416,0
39.2324359,-77.9702576,0
39.2324266,-77.9702616,0
39.232408,-77.970269,0
39.23238,-77.97028,0
39.23238,-77.97028,0
39.2323426,-77.970296,0
39.2323333,-77.9703,0
39.2323146,-77.970308,0
39.2322866,-77.97032,0
39.2322866,-77.97032,0
39.232248,-77.970336,0
39.2322383,-77.97034,0
39.2322196,-77.9703473,0
39.2321916,-77.9703583,0
39.2321916,-77.9703583,0
39.2321543,-77.9703743,SPLIT:INTO 1
39.232145,-77.9703783,0
39.2321263,-77.9703863,0
39.2320983,-77.9703983,0
39.2320983,-77.9703983,0
39.2320609,-77.9704143,0
39.2320516,-77.9704183,0
39.2320323,-77.9704263,0
39.2320033,-77.9704383,0
39.2320033,-77.9704383,0
39.2319659,-77.9704543,0
39.2319566,-77.9704583,0
39.231938,-77.9704663,0
39.23191,-77.9704783,0
39.23191,-77.9704783,0
39.2318726,-77.9704943,0
39.2318633,-77.9704983,0
39.2318446,-77.9705063,0
39.2318166,-77.9705183,0
39.2318166,-77.9705183,0
39.2317806,-77.9705343,0
39.2317716,-77.9705383,0
39.2317536,-77.9705456,0
39.2317266,-77.9705566,0
39.2317266,-77.9705566,0
39.2316906,-77.9705726,0
39.2316816,-77.9705766,0
39.2316643,-77.970584,0
39.2316383,-77.970595,0
39.2316383,-77.970595,0
39.2316037,-77.9706096,0
39.231595,-77.9706133,0
39.2315783,-77.9706206,0
39.2315533,-77.9706316,0
39.2315533,-77.9706316,0
39.2315199,-77.9706463,0
39.2315116,-77.97065,0
39.231495,-77.9706573,0
39.23147,-77.9706683,0
39.23147,-77.9706683,0
39.231438,-77.9706817,0
39.23143,-77.970685,0
39.231414,-77.9706916,0
39.23139,-77.9707016,0
39.23139,-77.9707016,0
39.2313593,-77.970715,0
39.2313516,-77.9707183,0
39.2313363,-77.970725,0
39.2313133,-77.970735,0
39.2313133,-77.970735,0
39.2312839,-77.9707483,0
39.2312766,-77.9707516,0
39.231262,-77.9707576,START(0 128 255):TURN 1
39.23124,-77.9707666,0
39.23124,-77.9707666,0
39.231212,-77.9707786,0
39.231205,-77.9707816,0
39.231191,-77.9707876,0
39.23117,-77.9707966,0
39.23117,-77.9707966,0
39.2311433,-77.9708086,0
39.2311366,-77.9708116,0
39.2311233,-77.970817,0
39.2311033,-77.970825,0
39.2311033,-77.970825,0
39.2310767,-77.9708356,0
39.23107,-77.9708383,0
39.231058,-77.9708436,0
39.23104,-77.9708516,0
39.23104,-77.9708516,0
39.231016,-77.9708623,0
39.23101,-77.970865,0
39.230998,-77.9708696,0
39.23098,-77.9708766,0
39.23098,-77.9708766,0
39.230956,-77.9708873,0
39.23095,-77.97089,0
39.2309386,-77.9708946,0
39.2309216,-77.9709016,0
39.2309216,-77.9709016,0
39.2309003,-77.970911,0
39.230895,-77.9709133,0
39.2308843,-77.970918,0
39.2308683,-77.970925,0
39.2308683,-77.970925,0
39.2308469,-77.9709343,0
39.2308416,-77.9709366,0
39.2308316,-77.970942,0
39.2308166,-77.97095,0
39.2308166,-77.97095,0
39.2307966,-77.9709606,0
39.2307916,-77.9709633,0
39.2307823,-77.9709686,0
39.2307683,-77.9709766,0
39.2307683,-77.9709766,0
39.2307497,-77.9709873,0
39.230745,-77.97099,0
39.2307363,-77.970996,0
39.2307233,-77.971005,0
39.2307233,-77.971005,0
39.2307059,-77.971017,0
39.2307016,-77.97102,0
39.2306936,-77.971026,0
39.2306816,-77.971035,0
39.2306816,-77.971035,0
39.2306656,-77.9710483,0
39.2306616,-77.9710516,0
39.2306543,-77.971059,0
39.2306433,-77.97107,0
39.2306433,-77.97107,0
39.2306299,-77.9710833,0
39.2306266,-77.9710866,0
39.2306193,-77.971094,0
39.2306083,-77.971105,0
39.2306083,-77.971105,0
39.2305963,-77.9711223,0
39.2305933,-77.9711266,0
39.230588,-77.9711346,0
39.23058,-77.9711466,0
39.23058,-77.9711466,0
39.2305693,-77.9711653,0
39.2305666,-77.97117,0
39.230562,-77.9711786,0
39.230555,-77.9711916,0
39.230555,-77.9711916,0
39.2305456,-77.9712103,0
39.2305433,-77.971215,0
39.2305393,-77.971225,0
39.2305333,-77.97124,0
39.2305333,-77.97124,0
39.2305267,-77.9712586,0
39.230525,-77.9712633,0
39.2305216,-77.9712733,0
39.2305166,-77.9712883,0
39.2305166,-77.9712883,0
39.23051,-77.9713083,0
39.2305083,-77.9713133,0
39.2305056,-77.9713233,0
39.2305016,-77.9713383,0
39.2305016,-77.9713383,0
39.2304963,-77.9713597,0
39.230495,-77.971365,0
39.2304936,-77.9713756,0
39.2304916,-77.9713916,0
39.2304916,-77.9713916,0
39.2304903,-77.9714116,0
39.23049,-77.9714166,0
39.23049,-77.9714273,0
39.23049,-77.9714433,0
39.23049,-77.9714433,0
39.23049,-77.9714647,0
39.23049,-77.97147,0
39.2304906,-77.9714806,0
39.2304916,-77.9714966,0
39.2304916,-77.9714966,0
39.2304943,-77.971518,0
39.230495,-77.9715233,0
39.2304963,-77.9715333,0
39.2304983,-77.9715483,0
39.2304983,-77.9715483,0
39.2305023,-77.9715697,0
39.2305033,-77.971575,0
39.2305053,-77.9715856,0
39.2305083,-77.9716016,0
39.2305083,-77.9716016,0
39.2305123,-77.971623,0
39.2305133,-77.9716283,0
39.230516,-77.9716383,0
39.23052,-77.9716533,0
39.23052,-77.9716533,0
39.2305253,-77.9716747,0
39.2305266,-77.97168,0
39.23053,-77.9716913,0
39.230535,-77.9717083,0
39.230535,-77.9717083,0
39.230543,-77.9717297,0
39.230545,-77.971735,0
39.2305496,-77.971745,0
39.2305566,-77.97176,0
39.2305566,-77.97176,0
39.230566,-77.97178,0
39.2305683,-77.971785,0
39.2305736,-77.9717943,0
39.2305816,-77.9718083,0
39.2305816,-77.9718083,0
39.2305936,-77.9718269,0
39.2305966,-77.9718316,0
39.230602,-77.9718416,0
39.23061,-77.9718566,0
39.23061,-77.9718566,0
39.2306233,-77.9718726,0
39.2306266,-77.9718766,0
39.2306346,-77.9718853,0
39.2306466,-77.9718983,0
39.2306466,-77.9718983,0
39.2306626,-77.9719129,0
39.2306666,-77.9719166,0
39.230674,-77.9719246,0
39.230685,-77.9719366,0
39.230685,-77.9719366,0
39.230701,-77.9719513,0
39.230705,-77.971955,0
39.230713,-77.971963,0
39.230725,-77.971975,0
39.230725,-77.971975,0
39.230741,-77.9719896,0
39.230745,-77.9719933,0
39.2307536,-77.972,0
39.2307666,-77.97201,0
39.2307666,-77.97201,0
39.230784,-77.9720233,0
39.2307883,-77.9720266,0
39.230797,-77.9720333,0
39.23081,-77.9720433,0
39.23081,-77.9720433,0
39.2308286,-77.9720553,0
39.2308333,-77.9720583,0
39.2308433,-77.9720643,0
39.2308583,-77.9720733,0
39.2308583,-77.9720733,0
39.2308769,-77.9720839,0
39.2308816,-77.9720866,0
39.2308923,-77.9720913,0
39.2309083,-77.9720983,0
39.2309083,-77.9720983,0
39.2309283,-77.9721077,0
39.2309333,-77.97211,0
39.230944,-77.9721146,0
39.23096,-77.9721216,0
39.23096,-77.9721216,0
39.23098,-77.9721296,0
39.230985,-77.9721316,0
39.2309956,-77.9721356,0
39.2310116,-77.9721416,0
39.2310116,-77.9721416,0
39.231033,-77.9721483,0
39.2310383,-77.97215,0
39.231049,-77.972154,0
39.231065,-77.97216,0
39.231065,-77.97216,0
39.2310876,-77.9721666,0
39.2310933,-77.9721683,0
39.231104,-77.972171,0
39.23112,-77.972175,0
39.23112,-77.972175,0
39.2311426,-77.972179,0
39.2311483,-77.97218,0
39.2311596,-77.972182,0
39.2311766,-77.972185,0
39.2311766,-77.972185,0
39.2312006,-77.9721876,0
39.2312066,-77.9721883,0
39.2312186,-77.972189,0
39.2312366,-77.97219,0
39.2312366,-77.97219,0
39.2312606,-77.9721913,0
39.2312666,-77.9721916,0
39.2312786,-77.9721916,0
39.2312966,-77.9721916,0
39.2312966,-77.9721916,0
39.2313206,-77.9721916,0
39.2313266,-77.9721916,0
39.2313386,-77.9721916,0
39.2313566,-77.9721916,0
39.2313566,-77.9721916,0
39.2313806,-77.9721903,0
39.2313866,-77.97219,0
39.2313986,-77.9721893,0
39.2314166,-77.9721883,0
39.2314166,-77.9721883,0
39.2314406,-77.9721857,0
39.2314466,-77.972185,0
39.2314593,-77.9721836,0
39.2314783,-77.9721816,0
39.2314783,-77.9721816,0
39.2315037,-77.9721776,0
39.23151,-77.9721766,0
39.231522,-77.9721746,0
39.23154,-77.9721716,0
39.23154,-77.9721716,0
39.2315653,-77.9721663,0
39.2315716,-77.972165,0
39.2315843,-77.9721623,0
39.2316033,-77.9721583,0
39.2316033,-77.9721583,0
39.2316287,-77.9721529,0
39.231635,-77.9721516,0
39.231647,-77.9721483,0
39.231665,-77.9721433,0
39.231665,-77.9721433,0
39.2316903,-77.9721367,0
39.2316966,-77.972135,0
39.2317093,-77.972131,STOP(0 128 255)
39.2317283,-77.972125,0
39.2317283,-77.972125,0
39.2317549,-77.972117,0
39.2317616,-77.972115,0
39.2317743,-77.972111,0
39.2317933,-77.972105,0
39.2317933,-77.972105,0
39.2318187,-77.972097,0
39.231825,-77.972095,0
39.2318383,-77.9720903,0
39.2318583,-77.9720833,0
39.2318583,-77.9720833,0
39.2318837,-77.9720739,0
39.23189,-77.9720716,0
39.2319033,-77.9720663,0
39.2319233,-77.9720583,0
39.2319233,-77.9720583,0
39.2319487,-77.9720489,0
39.231955,-77.9720466,0
39.2319683,-77.9720413,0
39.2319883,-77.9720333,0
39.2319883,-77.9720333,0
39.2320137,-77.9720227,0
39.23202,-77.97202,0
39.232034,-77.9720133,0
39.232055,-77.9720033,0
39.232055,-77.9720033,0
39.2320803,-77.9719913,0
39.2320866,-77.9719883,0
39.2321,-77.9719816,0
39.23212,-77.9719716,0
39.23212,-77.9719716,0
39.2321466,-77.9719596,0
39.2321533,-77.9719566,0
39.2321666,-77.9719493,0
39.2321866,-77.9719383,0
39.2321866,-77.9719383,0
39.2322133,-77.9719249,0
39.23222,-77.9719216,0
39.2322326,-77.971915,0
39.2322516,-77.971905,0
39.2322516,-77.971905,0
39.2322783,-77.9718903,0
39.232285,-77.9718866,0
39.2322983,-77.9718793,0
39.2323183,-77.9718683,0
39.2323183,-77.9718683,0
39.2323449,-77.9718537,0
39.2323516,-77.97185,0
39.2323643,-77.971842,0
39.2323833,-77.97183,0
39.2323833,-77.97183,0
39.2324099,-77.971814,0
39.2324166,-77.97181,0
39.23243,-77.971802,0
39.23245,-77.97179,0
39.23245,-77.97179,0
39.2324766,-77.971774,0
39.2324833,-77.97177,0
39.2324966,-77.971762,0
39.2325166,-77.97175,0
39.2325166,-77.97175,0
39.232542,-77.971734,0
39.2325483,-77.97173,0
39.2325616,-77.971722,0
39.2325816,-77.97171,0
39.2325816,-77.97171,0
39.2326083,-77.9716926,0
39.232615,-77.9716883,0
39.232629,-77.9716803,0
39.23265,-77.9716683,0
39.23265,-77.9716683,0
39.2326766,-77.9716509,0
39.2326833,-77.9716466,0
39.2326966,-77.971638,0
39.2327166,-77.971625,0
39.2327166,-77.971625,0
39.2327433,-77.9716076,0
39.23275,-77.9716033,0
39.232764,-77.9715946,0
39.232785,-77.9715816,0
39.232785,-77.9715816,0
39.2328116,-77.9715643,0
39.2328183,-77.97156,0
39.2328323,-77.9715513,0
39.2328533,-77.9715383,0
39.2328533,-77.9715383,0
39.2328799,-77.9715197,0
39.2328866,-77.971515,0
39.2329006,-77.9715063,0
39.2329216,-77.9714933,0
39.2329216,-77.9714933,0
39.2329496,-77.9714759,0
39.2329566,-77.9714716,0
39.2329706,-77.971463,0
39.2329916,-77.97145,0
39.2329916,-77.97145,0
39.2330196,-77.9714313,0
39.2330266,-77.9714266,0
39.2330406,-77.971418,0
39.2330616,-77.971405,0
39.2330616,-77.971405,0
39.2330896,-77.9713863,0
39.2330966,-77.9713816,0
39.2331106,-77.9713723,0
39.2331316,-77.9713583,0
39.2331316,-77.9713583,0
39.2331596,-77.9713409,0
39.2331666,-77.9713366,0
39.2331813,-77.9713273,0
39.2332033,-77.9713133,0
39.2332033,-77.9713133,0
39.2332313,-77.9712959,0
39.2332383,-77.9712916,0
39.2332523,-77.9712823,0
39.2332733,-77.9712683,0
39.2332733,-77.9712683,0
39.2333027,-77.9712497,0
39.23331,-77.971245,0
39.2333246,-77.9712363,0
39.2333466,-77.9712233,0
39.2333466,-77.9712233,0
39.233376,-77.9712047,0
39.2333833,-77.9712,0
39.233398,-77.9711913,0
39.23342,-77.9711783,0
39.23342,-77.9711783,0
39.2334493,-77.9711609,0
39.2334566,-77.9711566,0
39.2334713,-77.9711473,0
39.2334933,-77.9711333,0
39.2334933,-77.9711333,0
39.2335227,-77.9711159,0
39.23353,-77.9711116,0
39.2335446,-77.971103,0
39.2335666,-77.97109,0
39.2335666,-77.97109,0
39.2335973,-77.9710726,0
39.233605,-77.9710683,0
39.2336203,-77.9710596,0
39.2336433,-77.9710466,0
39.2336433,-77.9710466,0
39.2336727,-77.9710293,0
39.23368,-77.971025,START(0 128 255):TURN 3
39.2336953,-77.9710163,0
39.2337183,-77.9710033,0
39.2337183,-77.9710033,0
39.2337503,-77.9709873,0
39.2337583,-77.9709833,0
39.2337736,-77.9709753,0
39.2337966,-77.9709633,0
39.2337966,-77.9709633,0
39.2338273,-77.9709473,0
39.233835,-77.9709433,0
39.233851,-77.9709353,0
39.233875,-77.9709233,0
39.233875,-77.9709233,0
39.2339056,-77.9709087,0
39.2339133,-77.970905,0
39.2339293,-77.9708976,0
39.2339533,-77.9708866,0
39.2339533,-77.9708866,0
39.2339853,-77.9708733,0
39.2339933,-77.97087,0
39.2340086,-77.9708626,0
39.2340316,-77.9708516,0
39.2340316,-77.9708516,0
39.2340623,-77.9708396,0
39.23407,-77.9708366,0
39.2340853,-77.97083,0
39.2341083,-77.97082,0
39.2341083,-77.97082,0
39.2341389,-77.970808,0
39.2341466,-77.970805,0
39.2341613,-77.970799,0
39.2341833,-77.97079,0
39.2341833,-77.97079,0
39.2342139,-77.9707793,0
39.2342216,-77.9707766,0
39.2342363,-77.970772,0
39.2342583,-77.970765,0
39.2342583,-77.970765,0
39.2342877,-77.9707556,0
39.234295,-77.9707533,0
39.2343096,-77.9707486,0
39.2343316,-77.9707416,0
39.2343316,-77.9707416,0
39.2343596,-77.9707336,0
39.2343666,-77.9707316,0
39.2343813,-77.9707283,0
39.2344033,-77.9707233,0
39.2344033,-77.9707233,0
39.2344327,-77.9707167,0
39.23444,-77.970715,0
39.234454,-77.9707116,0
39.234475,-77.9707066,0
39.234475,-77.9707066,0
39.234503,-77.9707026,0
39.23451,-77.9707016,0
39.234524,-77.9706996,0
39.234545,-77.9706966,0
39.234545,-77.9706966,0
39.234573,-77.9706953,0
39.23458,-77.970695,0
39.2345933,-77.970695,0
39.2346133,-77.970695,0
39.2346133,-77.970695,0
39.2346399,-77.970695,0
39.2346466,-77.970695,0
39.2346606,-77.9706956,0
39.2346816,-77.9706966,0
39.2346816,-77.9706966,0
39.2347083,-77.9707006,0
39.234715,-77.9707016,0
39.2347283,-77.9707036,0
39.2347483,-77.9707066,0
39.2347483,-77.9707066,0
39.2347737,-77.9707133,0
39.23478,-77.970715,0
39.2347933,-77.9707183,0
39.2348133,-77.9707233,0
39.2348133,-77.9707233,0
39.2348387,-77.9707313,0
39.234845,-77.9707333,0
39.2348576,-77.9707386,0
39.2348766,-77.9707466,0
39.2348766,-77.9707466,0
39.2349006,-77.9707573,0
39.2349066,-77.97076,0
39.2349193,-77.970766,0
39.2349383,-77.970775,0
39.2349383,-77.970775,0
39.2349623,-77.9707883,0
39.2349683,-77.9707916,0
39.234981,-77.9707983,0
39.235,-77.9708083,0
39.235,-77.9708083,0
39.235024,-77.9708243,0
39.23503,-77.9708283,0
39.2350413,-77.9708363,0
39.2350583,-77.9708483,0
39.2350583,-77.9708483,0
39.2350823,-77.9708657,0
39.2350883,-77.97087,0
39.2350996,-77.9708786,0
39.2351166,-77.9708916,0
39.2351166,-77.9708916,0
39.2351393,-77.9709103,0
39.235145,-77.970915,0
39.2351563,-77.970925,0
39.2351733,-77.97094,0
39.2351733,-77.97094,0
39.2351947,-77.9709613,0
39.2352,-77.9709666,0
39.2352106,-77.9709773,0
39.2352266,-77.9709933,0
39.2352266,-77.9709933,0
39.2352466,-77.9710159,0
39.2352516,-77.9710216,0
39.2352616,-77.9710336,0
39.2352766,-77.9710516,0
39.2352766,-77.9710516,0
39.2352966,-77.9710756,0
39.2353016,-77.9710816,0
39.2353116,-77.9710936,0
39.2353266,-77.9711116,0
39.2353266,-77.9711116,0
39.2353453,-77.971137,0
39.23535,-77.9711433,0
39.2353593,-77.971156,0
39.2353733,-77.971175,0
39.2353733,-77.971175,0
39.2353919,-77.9712016,0
39.2353966,-77.9712083,0
39.2354053,-77.9712216,0
39.2354183,-77.9712416,0
39.2354183,-77.9712416,0
39.2354369,-77.9712696,0
39.2354416,-77.9712766,0
39.2354503,-77.97129,0
39.2354633,-77.97131,0
39.2354633,-77.97131,0
39.2354807,-77.971338,0
39.235485,-77.971345,0
39.2354936,-77.9713596,0
39.2355066,-77.9713816,0
39.2355066,-77.9713816,0
39.235524,-77.9714096,0
39.2355283,-77.9714166,0
39.235537,-77.9714306,0
39.23555,-77.9714516,0
39.23555,-77.9714516,0
39.2355686,-77.9714796,0
39.2355733,-77.9714866,0
39.235582,-77.9715006,0
39.235595,-77.9715216,0
39.235595,-77.9715216,0
39.2356136,-77.9715496,0
39.2356183,-77.9715566,0
39.2356283,-77.97157,0
39.2356433,-77.97159,0
39.2356433,-77.97159,0
39.2356619,-77.971618,0
39.2356666,-77.971625,0
39.2356766,-77.9716383,0
39.2356916,-77.9716583,0
39.2356916,-77.9716583,0
39.2357116,-77.9716849,0
39.2357166,-77.9716916,0
39.2357266,-77.971705,0
39.2357416,-77.971725,0
39.2357416,-77.971725,0
39.235763,-77.9717516,0
39.2357683,-77.9717583,0
39.235779,-77.971771,0
39.235795,-77.97179,0
39.235795,-77.97179,STOP(0 128 255)
39.2358163,-77.9718166,0
39.2358216,-77.9718233,0
39.2358323,-77.971836,0
39.2358483,-77.971855,0
39.2358483,-77.971855,0
39.2358697,-77.9718816,0
39.235875,-77.9718883,0
39.2358863,-77.971901,0
39.2359033,-77.97192,0
39.2359033,-77.97192,0
39.2359259,-77.9719453,0
39.2359316,-77.9719516,0
39.235943,-77.9719643,0
39.23596,-77.9719833,0
39.23596,-77.9719833,0
39.2359826,-77.9720087,0
39.2359883,-77.972015,0
39.2359996,-77.9720276,0
39.2360166,-77.9720466,0
39.2360166,-77.9720466,0
39.2360406,-77.972072,0
39.2360466,-77.9720783,0
39.236058,-77.9720903,0
39.236075,-77.9721083,0
39.236075,-77.9721083,0
39.236099,-77.9721337,0
39.236105,-77.97214,0
39.2361163,-77.9721526,0
39.2361333,-77.9721716,0
39.2361333,-77.9721716,0
39.2361573,-77.972197,0
39.2361633,-77.9722033,0
39.2361753,-77.972216,0
39.2361933,-77.972235,0
39.2361933,-77.972235,0
39.2362173,-77.9722603,0
39.2362233,-77.9722666,0
39.2362353,-77.9722793,0
39.2362533,-77.9722983,0
39.2362533,-77.9722983,0
39.2362787,-77.9723237,0
39.236285,-77.97233,0
39.236297,-77.9723426,0
39.236315,-77.9723616,0
39.236315,-77.9723616,0
39.236339,-77.972387,0
39.236345,-77.9723933,0
39.2363576,-77.9724066,0
39.2363766,-77.9724266,0
39.2363766,-77.9724266,0
39.2364006,-77.9724533,0
39.2364066,-77.97246,0
39.2364186,-77.9724726,0
39.2364366,-77.9724916,0
39.2364366,-77.9724916,0
39.2364606,-77.9725196,0
39.2364666,-77.9725266,0
39.2364786,-77.97254,0
39.2364966,-77.97256,0
39.2364966,-77.97256,0
39.236522,-77.972588,0
39.2365283,-77.972595,0
39.2365403,-77.972609,0
39.2365583,-77.97263,0
39.2365583,-77.97263,0
39.2365823,-77.972658,0
39.2365883,-77.972665,0
39.2366003,-77.972679,0
39.2366183,-77.9727,0
39.2366183,-77.9727,0
39.2366423,-77.972728,0
39.2366483,-77.972735,0
39.2366603,-77.9727496,0
39.2366783,-77.9727716,0
39.2366783,-77.9727716,0
39.2367023,-77.972801,0
39.2367083,-77.9728083,0
39.2367203,-77.9728223,0
39.2367383,-77.9728433,0
39.2367383,-77.9728433,0
39.2367623,-77.9728727,0
39.2367683,-77.97288,0
39.2367796,-77.9728953,0
39.2367966,-77.9729183,0
39.2367966,-77.9729183,0
39.2368206,-77.9729477,0
39.2368266,-77.972955,0
39.2368386,-77.9729696,0
39.2368566,-77.9729916,0
39.2368566,-77.9729916,0
39.2368806,-77.9730223,0
39.2368866,-77.97303,0
39.2368986,-77.9730446,0
39.2369166,-77.9730666,0
39.2369166,-77.9730666,SPLIT:CHUTE
39.2369406,-77.9730973,0
39.2369466,-77.973105,0
39.2369593,-77.9731203,0
39.2369783,-77.9731433,0
39.2369783,-77.9731433,0
39.2370023,-77.9731727,0
39.2370083,-77.97318,0
39.2370203,-77.9731953,0
39.2370383,-77.9732183,0
39.2370383,-77.9732183,0
39.2370637,-77.9732477,0
39.23707,-77.973255,0
39.2370826,-77.9732703,0
39.2371016,-77.9732933,0
39.2371016,-77.9732933,0
39.2371256,-77.9733227,0
39.2371316,-77.97333,0
39.2371443,-77.9733446,0
39.2371633,-77.9733666,0
39.2371633,-77.9733666,0
39.2371899,-77.9733946,0
39.2371966,-77.9734016,0
39.2372093,-77.9734156,0
39.2372283,-77.9734366,0
39.2372283,-77.9734366,0
39.2372537,-77.9734633,0
39.23726,-77.97347,0
39.2372726,-77.9734833,0
39.2372916,-77.9735033,0
39.2372916,-77.9735033,0
39.2373183,-77.9735287,0
39.237325,-77.973535,0
39.2373376,-77.9735476,0
39.2373566,-77.9735666,0
39.2373566,-77.9735666,0
39.2373833,-77.9735906,0
39.23739,-77.9735966,0
39.2374033,-77.973608,0
39.2374233,-77.973625,0
39.2374233,-77.973625,0
39.2374499,-77.9736476,0
39.2374566,-77.9736533,0
39.23747,-77.973664,0
39.23749,-77.97368,0
39.23749,-77.97368,0
39.237518,-77.9737,0
39.237525,-77.973705,0
39.2375383,-77.973715,0
39.2375583,-77.97373,0
39.2375583,-77.97373,0
39.2375849,-77.9737486,0
39.2375916,-77.9737533,0
39.2376056,-77.9737626,0
39.2376266,-77.9737766,0
39.2376266,-77.9737766,0
39.2376546,-77.973794,0
39.2376616,-77.9737983,0
39.2376756,-77.973807,0
39.2376966,-77.97382,0
39.2376966,-77.97382,0
39.2377246,-77.9738373,0
39.2377316,-77.9738416,0
39.237745,-77.9738496,0
39.237765,-77.9738616,0
39.237765,-77.9738616,0
39.237793,-77.9738763,0
39.2378,-77.97388,0
39.237814,-77.9738866,0
39.237835,-77.9738966,0
39.237835,-77.9738966,0
39.2378643,-77.9739086,0
39.2378716,-77.9739116,0
39.2378856,-77.973917,0
39.2379066,-77.973925,0
39.2379066,-77.973925,0
39.2379373,-77.9739343,0
39.237945,-77.9739366,0
39.2379623,-77.9739373,0
39.2379883,-77.9739383,0
39.2379883,-77.9739383,0
39.2380189,-77.9739437,0
39.2380266,-77.973945,0
39.238042,-77.9739483,0
39.238065,-77.9739533,0
39.238065,-77.9739533,0
39.2380956,-77.9739573,0
39.2381033,-77.9739583,0
39.2381193,-77.9739596,0
39.2381433,-77.9739616,0
39.2381433,-77.9739616,0
39.2381753,-77.9739643,0
39.2381833,-77.973965,0
39.2381986,-77.9739656,0
39.2382216,-77.9739666,0
39.2382216,-77.9739666,0
39.2382536,-77.973968,0
39.2382616,-77.9739683,0
39.238277,-77.973969,0
39.2383,-77.97397,0
39.2383,-77.97397,0
39.2383306,-77.97397,0
39.2383383,-77.97397,0
39.238353,-77.9739693,0
39.238375,-77.9739683,0
39.238375,-77.9739683,0
39.2384043,-77.9739683,0
39.2384116,-77.9739683,0
39.2384263,-77.9739683,0
39.2384483,-77.9739683,0
39.2384483,-77.9739683,0
39.2384763,-77.9739669,0
39.2384833,-77.9739666,0
39.2384973,-77.973966,0
39.2385183,-77.973965,0
39.2385183,-77.973965,0
39.2385449,-77.9739636,0
39.2385516,-77.9739633,0
39.238565,-77.9739626,0
39.238585,-77.9739616,0
39.238585,-77.9739616,0
39.2386116,-77.9739603,0
39.2386183,-77.97396,START(0 128 255):TURN 5
39.238631,-77.9739593,0
39.23865,-77.9739583,0
39.23865,-77.9739583,0
39.2386753,-77.9739569,0
39.2386816,-77.9739566,0
39.2386943,-77.973956,0
39.2387133,-77.973955,0
39.2387133,-77.973955,0
39.2387373,-77.9739536,0
39.2387433,-77.9739533,0
39.2387553,-77.9739526,0
39.2387733,-77.9739516,0
39.2387733,-77.9739516,0
39.2387973,-77.973949,0
39.2388033,-77.9739483,0
39.2388146,-77.9739476,0
39.2388316,-77.9739466,0
39.2388316,-77.9739466,0
39.238853,-77.9739466,0
39.2388583,-77.9739466,0
39.238869,-77.973946,0
39.238885,-77.973945,0
39.238885,-77.973945,0
39.238905,-77.973945,0
39.23891,-77.973945,0
39.2389206,-77.973945,0
39.2389366,-77.973945,0
39.2389366,-77.973945,0
39.2389566,-77.973945,0
39.2389616,-77.973945,0
39.238971,-77.9739456,0
39.238985,-77.9739466,0
39.238985,-77.9739466,0
39.2390036,-77.9739493,0
39.2390083,-77.97395,0
39.2390176,-77.9739506,0
39.2390316,-77.9739516,0
39.2390316,-77.9739516,0
39.2390503,-77.9739556,0
39.239055,-77.9739566,0
39.239063,-77.9739586,0
39.239075,-77.9739616,0
39.239075,-77.9739616,0
39.2390923,-77.973967,0
39.2390966,-77.9739683,0
39.2391046,-77.9739716,0
39.2391166,-77.9739766,0
39.2391166,-77.9739766,0
39.2391326,-77.9739833,0
39.2391366,-77.973985,0
39.239144,-77.9739883,0
39.239155,-77.9739933,0
39.239155,-77.9739933,0
39.239171,-77.9740027,0
39.239175,-77.974005,0
39.2391816,-77.9740096,0
39.2391916,-77.9740166,0
39.2391916,-77.9740166,0
39.239205,-77.9740286,0
39.2392083,-77.9740316,0
39.2392156,-77.974037,0
39.2392266,-77.974045,0
39.2392266,-77.974045,0
39.23924,-77.9740556,0
39.2392433,-77.9740583,0
39.2392493,-77.974065,0
39.2392583,-77.974075,0
39.2392583,-77.974075,0
39.2392677,-77.974091,0
39.23927,-77.974095,0
39.2392746,-77.974103,0
39.2392816,-77.974115,0
39.2392816,-77.974115,0
39.239291,-77.974131,0
39.2392933,-77.974135,0
39.2392973,-77.9741436,0
39.2393033,-77.9741566,0
39.2393033,-77.9741566,0
39.2393127,-77.9741726,0
39.239315,-77.9741766,0
39.2393183,-77.974186,0
39.2393233,-77.9742,0
39.2393233,-77.9742,0
39.2393287,-77.9742186,0
39.23933,-77.9742233,0
39.2393333,-77.9742326,0
39.2393383,-77.9742466,0
39.2393383,-77.9742466,0
39.2393437,-77.9742653,0
39.239345,-77.97427,0
39.239347,-77.9742793,0
39.23935,-77.9742933,0
39.23935,-77.9742933,0
39.2393526,-77.9743119,0
39.2393533,-77.9743166,0
39.2393553,-77.9743253,0
39.2393583,-77.9743383,0
39.2393583,-77.9743383,0
39.2393597,-77.9743569,0
39.23936,-77.9743616,0
39.2393573,-77.9743743,0
39.2393533,-77.9743933,0
39.2393533,-77.9743933,0
39.2393519,-77.9744147,0
39.2393516,-77.97442,0
39.2393496,-77.9744306,0
39.2393466,-77.9744466,0
39.2393466,-77.9744466,0
39.239344,-77.974468,0
39.2393433,-77.9744733,0
39.2393413,-77.974484,0
39.2393383,-77.9745,0
39.2393383,-77.9745,0
39.2393329,-77.97452,0
39.2393316,-77.974525,0
39.239329,-77.9745356,0
39.239325,-77.9745516,0
39.239325,-77.9745516,0
39.239317,-77.9745716,0
39.239315,-77.9745766,0
39.239311,-77.9745873,0
39.239305,-77.9746033,0
39.239305,-77.9746033,0
39.2392956,-77.9746219,0
39.2392933,-77.9746266,0
39.2392886,-77.9746366,0
39.2392816,-77.9746516,0
39.2392816,-77.9746516,0
39.239271,-77.9746703,0
39.2392683,-77.974675,0
39.239263,-77.9746843,0
39.239255,-77.9746983,0
39.239255,-77.9746983,0
39.239243,-77.9747169,0
39.23924,-77.9747216,0
39.239234,-77.974731,0
39.239225,-77.974745,0
39.239225,-77.974745,0
39.239213,-77.9747623,0
39.23921,-77.9747666,0
39.2392033,-77.9747753,0
39.2391933,-77.9747883,0
39.2391933,-77.9747883,0
39.2391787,-77.9748057,0
39.239175,-77.97481,0
39.2391676,-77.974818,0
39.2391566,-77.97483,0
39.2391566,-77.97483,0
39.2391406,-77.9748446,0
39.2391366,-77.9748483,0
39.2391293,-77.9748563,0
39.2391183,-77.9748683,0
39.2391183,-77.9748683,0
39.2391023,-77.9748829,0
39.2390983,-77.9748866,0
39.2390896,-77.974894,0
39.2390766,-77.974905,0
39.2390766,-77.974905,0
39.2390606,-77.9749196,0
39.2390566,-77.9749233,0
39.2390486,-77.9749306,0
39.2390366,-77.9749416,0
39.2390366,-77.9749416,0
39.2390206,-77.9749576,0
39.2390166,-77.9749616,0
39.2390086,-77.974969,STOP(0 128 255)
39.2389966,-77.97498,0
39.2389966,-77.97498,0
39.2389806,-77.974996,0
39.2389766,-77.975,0
39.2389693,-77.9750086,0
39.2389583,-77.9750216,0
39.2389583,-77.9750216,0
39.2389449,-77.975039,0
39.2389416,-77.9750433,0
39.238935,-77.975052,0
39.238925,-77.975065,0
39.238925,-77.975065,0
39.238913,-77.9750823,0
39.23891,-77.9750866,START(0 128 255):TURN 6
39.238904,-77.9750953,0
39.238895,-77.9751083,0
39.238895,-77.9751083,0
39.2388843,-77.9751269,0
39.2388816,-77.9751316,0
39.2388756,-77.975141,0
39.2388666,-77.975155,0
39.2388666,-77.975155,0
39.2388573,-77.9751736,0
39.238855,-77.9751783,0
39.238851,-77.9751883,0
39.238845,-77.9752033,0
39.238845,-77.9752033,0
39.2388383,-77.9752233,0
39.2388366,-77.9752283,0
39.238834,-77.9752376,0
39.23883,-77.9752516,0
39.23883,-77.9752516,0
39.2388246,-77.9752716,0
39.2388233,-77.9752766,0
39.2388206,-77.9752866,0
39.2388166,-77.9753016,0
39.2388166,-77.9753016,0
39.238814,-77.975323,0
39.2388133,-77.9753283,0
39.238812,-77.975339,0
39.23881,-77.975355,0
39.23881,-77.975355,0
39.2388086,-77.975375,0
39.2388083,-77.97538,0
39.2388076,-77.97539,0
39.2388066,-77.975405,0
39.2388066,-77.975405,0
39.2388053,-77.9754263,0
39.238805,-77.9754316,0
39.2388056,-77.9754423,0
39.2388066,-77.9754583,0
39.2388066,-77.9754583,0
39.2388093,-77.9754783,0
39.23881,-77.9754833,0
39.2388113,-77.9754926,0
39.2388133,-77.9755066,0
39.2388133,-77.9755066,0
39.2388159,-77.9755266,0
39.2388166,-77.9755316,0
39.238818,-77.9755423,0
39.23882,-77.9755583,0
39.23882,-77.9755583,0
39.2388253,-77.9755783,0
39.2388266,-77.9755833,0
39.2388286,-77.9755926,0
39.2388316,-77.9756066,0
39.2388316,-77.9756066,0
39.2388383,-77.9756266,0
39.23884,-77.9756316,0
39.2388433,-77.975641,0
39.2388483,-77.975655,0
39.2388483,-77.975655,0
39.2388549,-77.9756736,0
39.2388566,-77.9756783,0
39.2388606,-77.9756876,0
39.2388666,-77.9757016,0
39.2388666,-77.9757016,0
39.238876,-77.975719,0
39.2388783,-77.9757233,0
39.2388836,-77.9757313,0
39.2388916,-77.9757433,0
39.2388916,-77.9757433,0
39.2389036,-77.9757593,0
39.2389066,-77.9757633,0
39.2389133,-77.9757706,0
39.2389233,-77.9757816,0
39.2389233,-77.9757816,0
39.2389393,-77.9757936,0
39.2389433,-77.9757966,0
39.2389526,-77.9758026,0
39.2389666,-77.9758116,0
39.2389666,-77.9758116,0
39.2389826,-77.9758236,0
39.2389866,-77.9758266,0
39.2389933,-77.975834,0
39.2390033,-77.975845,0
39.2390033,-77.975845,0
39.2390207,-77.9758543,0
39.239025,-77.9758566,0
39.239033,-77.975862,0
39.239045,-77.97587,0
39.239045,-77.97587,0
39.239065,-77.9758766,0
39.23907,-77.9758783,STOP(0 128 255)
39.2390793,-77.975881,0
39.2390933,-77.975885,0
39.2390933,-77.975885,0
39.2391119,-77.9758903,0
39.2391166,-77.9758916,0
39.239126,-77.9758936,0
39.23914,-77.9758966,0
39.23914,-77.9758966,0
39.2391586,-77.9759006,0
39.2391633,-77.9759016,0
39.2391726,-77.9759023,0
39.2391866,-77.9759033,0
39.2391866,-77.9759033,0
39.2392066,-77.9759059,0
39.2392116,-77.9759066,0
39.239221,-77.9759073,0
39.239235,-77.9759083,0
39.239235,-77.9759083,0
39.2392536,-77.9759097,0
39.2392583,-77.97591,0
39.2392683,-77.9759093,0
39.2392833,-77.9759083,0
39.2392833,-77.9759083,0
39.2393033,-77.9759057,0
39.2393083,-77.975905,0
39.239319,-77.9759036,0
39.239335,-77.9759016,0
39.239335,-77.9759016,0
39.239355,-77.9758976,0
39.23936,-77.9758966,0
39.23937,-77.975894,0
39.239385,-77.97589,0
39.239385,-77.97589,0
39.239405,-77.9758846,0
39.23941,-77.9758833,0
39.23942,-77.97588,0
39.239435,-77.975875,0
39.239435,-77.975875,0
39.239455,-77.975867,0
39.23946,-77.975865,0
39.23947,-77.975861,0
39.239485,-77.975855,0
39.239485,-77.975855,0
39.2395036,-77.975847,0
39.2395083,-77.975845,0
39.2395183,-77.9758396,0
39.2395333,-77.9758316,0
39.2395333,-77.9758316,START(0 128 255):TURN 7
39.2395519,-77.9758196,0
39.2395566,-77.9758166,0
39.239566,-77.9758106,0
39.23958,-77.9758016,0
39.23958,-77.9758016,0
39.2395973,-77.975787,0
39.2396016,-77.9757833,0
39.239611,-77.975776,0
39.239625,-77.975765,0
39.239625,-77.975765,0
39.2396436,-77.975749,0
39.2396483,-77.975745,0
39.239657,-77.9757363,0
39.23967,-77.9757233,0
39.23967,-77.9757233,0
39.2396873,-77.9757047,0
39.2396916,-77.9757,0
39.2397003,-77.9756913,0
39.2397133,-77.9756783,0
39.2397133,-77.9756783,0
39.2397293,-77.9756583,0
39.2397333,-77.9756533,0
39.2397413,-77.9756426,0
39.2397533,-77.9756266,0
39.2397533,-77.9756266,0
39.2397693,-77.9756053,0
39.2397733,-77.9756,0
39.23978,-77.975588,0
39.23979,-77.97557,0
39.23979,-77.97557,0
39.2398033,-77.975546,0
39.2398066,-77.97554,0
39.2398133,-77.9755273,0
39.2398233,-77.9755083,0
39.2398233,-77.9755083,0
39.2398353,-77.9754817,0
39.2398383,-77.975475,0
39.2398436,-77.9754616,0
39.2398516,-77.9754416,0
39.2398516,-77.9754416,0
39.2398623,-77.9754136,0
39.239865,-77.9754066,0
39.2398696,-77.9753933,0
39.2398766,-77.9753733,0
39.2398766,-77.9753733,0
39.239886,-77.9753439,0
39.2398883,-77.9753366,0
39.2398916,-77.9753213,0
39.2398966,-77.9752983,0
39.2398966,-77.9752983,0
39.2399033,-77.9752677,0
39.239905,-77.97526,0
39.2399083,-77.9752453,0
39.2399133,-77.9752233,0
39.2399133,-77.9752233,0
39.2399187,-77.9751913,0
39.23992,-77.9751833,0
39.2399226,-77.9751673,0
39.2399266,-77.9751433,0
39.2399266,-77.9751433,STOP(0 128 255)
39.2399306,-77.9751127,0
39.2399316,-77.975105,0
39.2399336,-77.975089,0
39.2399366,-77.975065,0
39.2399366,-77.975065,0
39.2399406,-77.975033,0
39.2399416,-77.975025,0
39.2399443,-77.975009,0
39.2399483,-77.974985,0
39.2399483,-77.974985,0
39.2399523,-77.974953,0
39.2399533,-77.974945,0
39.239956,-77.974929,0
39.23996,-77.974905,0
39.23996,-77.974905,0
39.2399653,-77.9748716,START(0 128 255):TURN 8
39.2399666,-77.9748633,0
39.2399693,-77.9748473,0
39.2399733,-77.9748233,0
39.2399733,-77.9748233,0
39.2399813,-77.9747913,0
39.2399833,-77.9747833,0
39.2399866,-77.9747673,0
39.2399916,-77.9747433,0
39.2399916,-77.9747433,0
39.240001,-77.9747113,0
39.2400033,-77.9747033,0
39.2400073,-77.9746873,0
39.2400133,-77.9746633,0
39.2400133,-77.9746633,0
39.2400239,-77.9746313,0
39.2400266,-77.9746233,0
39.2400313,-77.974608,0
39.2400383,-77.974585,0
39.2400383,-77.974585,0
39.2400489,-77.9745543,0
39.2400516,-77.9745466,0
39.2400583,-77.9745313,0
39.2400683,-77.9745083,0
39.2400683,-77.9745083,0
39.2400817,-77.9744789,0
39.240085,-77.9744716,0
39.2400923,-77.974457,0
39.2401033,-77.974435,0
39.2401033,-77.974435,0
39.2401179,-77.9744056,0
39.2401216,-77.9743983,0
39.2401296,-77.974385,0
39.2401416,-77.974365,0
39.2401416,-77.974365,0
39.240159,-77.9743383,0
39.2401633,-77.9743316,0
39.240172,-77.9743183,0
39.240185,-77.9742983,0
39.240185,-77.9742983,0
39.2402036,-77.9742729,0
39.2402083,-77.9742666,0
39.240217,-77.974254,0
39.24023,-77.974235,0
39.24023,-77.974235,0
39.24025,-77.9742096,0
39.240255,-77.9742033,0
39.240265,-77.974192,0
39.24028,-77.974175,0
39.24028,-77.974175,0
39.2403,-77.9741523,0
39.240305,-77.9741466,0
39.2403163,-77.9741353,0
39.2403333,-77.9741183,0
39.2403333,-77.9741183,0
39.2403547,-77.9740969,0
39.24036,-77.9740916,0
39.2403713,-77.9740816,0
39.2403883,-77.9740666,0
39.2403883,-77.9740666,0
39.2404109,-77.9740466,0
39.2404166,-77.9740416,0
39.2404286,-77.9740316,0
39.2404466,-77.9740166,0
39.2404466,-77.9740166,0
39.2404693,-77.973998,0
39.240475,-77.9739933,0
39.2404863,-77.9739833,0
39.2405033,-77.9739683,STOP(0 128 255)
39.2405033,-77.9739683,0
39.2405273,-77.9739497,0
39.2405333,-77.973945,0
39.2405446,-77.9739343,0
39.2405616,-77.9739183,0
39.2405616,-77.9739183,0
39.240583,-77.9738983,0
39.2405883,-77.9738933,0
39.2405996,-77.973882,0
39.2406166,-77.973865,0
39.2406166,-77.973865,0
39.240638,-77.9738423,0
39.2406433,-77.9738366,0
39.240654,-77.9738253,0
39.24067,-77.9738083,0
39.24067,-77.9738083,0
39.24069,-77.9737829,0
39.240695,-77.9737766,0
39.2407043,-77.9737633,0
39.2407183,-77.9737433,0
39.2407183,-77.9737433,0
39.2407369,-77.9737167,0
39.2407416,-77.97371,0
39.240751,-77.9736966,0
39.240765,-77.9736766,0
39.240765,-77.9736766,0
39.2407836,-77.9736486,0
39.2407883,-77.9736416,START(0 128 255):TURN 9
39.2407963,-77.973627,0
39.2408083,-77.973605,0
39.2408083,-77.973605,0
39.2408243,-77.9735743,0
39.2408283,-77.9735666,0
39.2408356,-77.9735513,0
39.2408466,-77.9735283,0
39.2408466,-77.9735283,0
39.2408613,-77.9734963,0
39.240865,-77.9734883,0
39.2408723,-77.9734723,0
39.2408833,-77.9734483,0
39.2408833,-77.9734483,0
39.2408953,-77.9734149,0
39.2408983,-77.9734066,0
39.2409043,-77.97339,0
39.2409133,-77.973365,0
39.2409133,-77.973365,0
39.2409253,-77.9733316,0
39.2409283,-77.9733233,0
39.2409336,-77.9733066,0
39.2409416,-77.9732816,0
39.2409416,-77.9732816,0
39.240951,-77.9732456,0
39.2409533,-77.9732366,0
39.2409573,-77.9732186,0
39.2409633,-77.9731916,0
39.2409633,-77.9731916,0
39.2409699,-77.9731556,0
39.2409716,-77.9731466,0
39.240975,-77.9731286,0
39.24098,-77.9731016,0
39.24098,-77.9731016,0
39.2409853,-77.9730643,0
39.2409866,-77.973055,0
39.2409893,-77.9730363,0
39.2409933,-77.9730083,0
39.2409933,-77.9730083,0
39.2409973,-77.9729709,0
39.2409983,-77.9729616,0
39.2409996,-77.972943,0
39.2410016,-77.972915,0
39.2410016,-77.972915,0
39.2410043,-77.9728776,0
39.241005,-77.9728683,0
39.2410056,-77.9728496,0
39.2410066,-77.9728216,0
39.2410066,-77.9728216,0
39.2410066,-77.972783,0
39.2410066,-77.9727733,0
39.2410066,-77.9727546,0
39.2410066,-77.9727266,0
39.2410066,-77.9727266,0
39.2410066,-77.972688,0
39.2410066,-77.9726783,0
39.2410053,-77.972659,0
39.2410033,-77.97263,0
39.2410033,-77.97263,0
39.2410019,-77.9725926,0
39.2410016,-77.9725833,0
39.2410003,-77.972564,0
39.2409983,-77.972535,0
39.2409983,-77.972535,0
39.2409943,-77.9724963,0
39.2409933,-77.9724866,0
39.2409913,-77.972468,0
39.2409883,-77.97244,0
39.2409883,-77.97244,0
39.2409829,-77.9724013,0
39.2409816,-77.9723916,0
39.2409796,-77.972373,0
39.2409766,-77.972345,0
39.2409766,-77.972345,0
39.2409713,-77.9723063,0
39.24097,-77.9722966,0
39.2409666,-77.972278,0
39.2409616,-77.97225,0
39.2409616,-77.97225,0
39.240955,-77.9722113,0
39.2409533,-77.9722016,0
39.2409493,-77.972183,0
39.2409433,-77.972155,0
39.2409433,-77.972155,0
39.2409353,-77.9721163,0
39.2409333,-77.9721066,0
39.2409293,-77.972088,0
39.2409233,-77.97206,0
39.2409233,-77.97206,0
39.2409139,-77.9720226,0
39.2409116,-77.9720133,0
39.240907,-77.9719946,0
39.2409,-77.9719666,0
39.2409,-77.9719666,0
39.2408893,-77.9719293,0
39.2408866,-77.97192,0
39.240882,-77.9719006,0
39.240875,-77.9718716,0
39.240875,-77.9718716,0
39.2408643,-77.9718343,0
39.2408616,-77.971825,0
39.2408563,-77.9718063,0
39.2408483,-77.9717783,0
39.2408483,-77.9717783,0
39.2408377,-77.9717409,STOP(0 128 255)
39.240835,-77.9717316,0
39.240829,-77.971713,0
39.24082,-77.971685,0
39.24082,-77.971685,0
39.240808,-77.9716476,0
39.240805,-77.9716383,0
39.2407996,-77.9716196,0
39.2407916,-77.9715916,0
39.2407916,-77.9715916,0
39.2407796,-77.9715543,0
39.2407766,-77.971545,0
39.2407706,-77.9715263,0
39.2407616,-77.9714983,0
39.2407616,-77.9714983,0
39.2407496,-77.9714597,0
39.2407466,-77.97145,0
39.2407406,-77.9714313,0
39.2407316,-77.9714033,0
39.2407316,-77.9714033,0
39.2407183,-77.9713659,0
39.240715,-77.9713566,0
39.2407083,-77.9713373,0
39.2406983,-77.9713083,0
39.2406983,-77.9713083,0
39.2406849,-77.9712709,0
39.2406816,-77.9712616,0
39.2406756,-77.971243,0
39.2406666,-77.971215,0
39.2406666,-77.971215,0
39.2406533,-77.9711776,0
39.24065,-77.9711683,0
39.240644,-77.971149,SPLIT:BACK SIDE
39.240635,-77.97112,0
39.240635,-77.97112,0
39.2406216,-77.9710813,0
39.2406183,-77.9710716,0
39.2406116,-77.9710523,0
39.2406016,-77.9710233,0
39.2406016,-77.9710233,0
39.240587,-77.9709847,0
39.2405833,-77.970975,0
39.2405766,-77.9709556,0
39.2405666,-77.9709266,0
39.2405666,-77.9709266,0
39.2405533,-77.970888,0
39.24055,-77.9708783,0
39.2405433,-77.9708583,0
39.2405333,-77.9708283,0
39.2405333,-77.9708283,0
39.2405199,-77.9707897,0
39.2405166,-77.97078,0
39.24051,-77.9707606,0
39.2405,-77.9707316,0
39.2405,-77.9707316,0
39.2404853,-77.9706916,0
39.2404816,-77.9706816,0
39.240475,-77.9706616,0
39.240465,-77.9706316,0
39.240465,-77.9706316,0
39.2404516,-77.9705916,0
39.2404483,-77.9705816,0
39.2404416,-77.9705616,0
39.2404316,-77.9705316,0
39.2404316,-77.9705316,0
39.240417,-77.9704916,0
39.2404133,-77.9704816,0
39.2404066,-77.9704616,0
39.2403966,-77.9704316,0
39.2403966,-77.9704316,0
39.2403833,-77.9703903,0
39.24038,-77.97038,0
39.2403726,-77.97036,0
39.2403616,-77.97033,0
39.2403616,-77.97033,0
39.2403483,-77.9702886,0
39.240345,-77.9702783,0
39.2403376,-77.9702583,0
39.2403266,-77.9702283,0
39.2403266,-77.9702283,0
39.2403133,-77.9701869,0
39.24031,-77.9701766,0
39.2403026,-77.970156,0
39.2402916,-77.970125,0
39.2402916,-77.970125,0
39.240277,-77.970085,0
39.2402733,-77.970075,0
39.2402666,-77.9700543,0
39.2402566,-77.9700233,0
39.2402566,-77.9700233,0
39.240242,-77.9699819,0
39.2402383,-77.9699716,0
39.240231,-77.969951,0
39.24022,-77.96992,0
39.24022,-77.96992,0
39.2402053,-77.9698786,0
39.2402016,-77.9698683,0
39.2401943,-77.9698483,0
39.2401833,-77.9698183,0
39.2401833,-77.9698183,0
39.2401673,-77.9697769,0
39.2401633,-77.9697666,0
39.240156,-77.969746,0
39.240145,-77.969715,0
39.240145,-77.969715,0
39.240129,-77.9696736,0
39.240125,-77.9696633,0
39.240117,-77.9696426,0
39.240105,-77.9696116,0
39.240105,-77.9696116,0
39.240089,-77.9695703,0
39.240085,-77.96956,0
39.240077,-77.9695393,0
39.240065,-77.9695083,0
39.240065,-77.9695083,0
39.240049,-77.9694669,0
39.240045,-77.9694566,0
39.240037,-77.969436,0
39.240025,-77.969405,0
39.240025,-77.969405,0
39.2400076,-77.9693623,0
39.2400033,-77.9693516,0
39.2399953,-77.969331,0
39.2399833,-77.9693,0
39.2399833,-77.9693,0
39.2399659,-77.9692586,0
39.2399616,-77.9692483,0
39.2399536,-77.9692283,0
39.2399416,-77.9691983,0
39.2399416,-77.9691983,0
39.2399243,-77.9691569,0
39.23992,-77.9691466,0
39.2399113,-77.969126,0
39.2398983,-77.969095,0
39.2398983,-77.969095,0
39.2398809,-77.9690536,0
39.2398766,-77.9690433,0
39.239868,-77.9690226,0
39.239855,-77.9689916,0
39.239855,-77.9689916,0
39.2398363,-77.9689516,0
39.2398316,-77.9689416,0
39.2398223,-77.968921,0
39.2398083,-77.96889,0
39.2398083,-77.96889,0
39.2397909,-77.9688486,0
39.2397866,-77.9688383,0
39.2397773,-77.9688183,0
39.2397633,-77.9687883,0
39.2397633,-77.9687883,START(0 128 255):TURN 10
39.2397447,-77.9687483,0
39.23974,-77.9687383,0
39.2397306,-77.9687183,0
39.2397166,-77.9686883,0
39.2397166,-77.9686883,0
39.2396966,-77.9686497,0
39.2396916,-77.96864,0
39.2396823,-77.9686206,0
39.2396683,-77.9685916,0
39.2396683,-77.9685916,0
39.2396497,-77.9685543,0
39.239645,-77.968545,0
39.239635,-77.9685256,0
39.23962,-77.9684966,0
39.23962,-77.9684966,0
39.2396013,-77.9684606,0
39.2395966,-77.9684516,0
39.2395866,-77.968433,0
39.2395716,-77.968405,0
39.2395716,-77.968405,0
39.239553,-77.9683676,0
39.2395483,-77.9683583,0
39.2395383,-77.9683403,0
39.2395233,-77.9683133,0
39.2395233,-77.9683133,0
39.2395033,-77.9682787,0
39.2394983,-77.96827,0
39.2394883,-77.9682526,0
39.2394733,-77.9682266,0
39.2394733,-77.9682266,0
39.2394533,-77.968192,0
39.2394483,-77.9681833,0
39.2394383,-77.9681666,0
39.2394233,-77.9681416,0
39.2394233,-77.9681416,0
39.2394059,-77.9681163,0
39.2394016,-77.96811,0
39.239393,-77.9680953,0
39.23938,-77.9680733,0
39.23938,-77.9680733,0
39.2393613,-77.9680467,0
39.2393566,-77.96804,0
39.2393466,-77.968026,0
39.2393316,-77.968005,0
39.2393316,-77.968005,0
39.2393116,-77.9679783,0
39.2393066,-77.9679716,0
39.2392973,-77.967959,0
39.2392833,-77.96794,0
39.2392833,-77.96794,0
39.2392607,-77.967916,0
39.239255,-77.96791,0
39.2392443,-77.9678986,0
39.2392283,-77.9678816,0
39.2392283,-77.9678816,0
39.2392057,-77.967859,0
39.2392,-77.9678533,0
39.2391893,-77.9678426,0
39.2391733,-77.9678266,0
39.2391733,-77.9678266,0
39.2391493,-77.9678066,0
39.2391433,-77.9678016,0
39.239132,-77.9677916,0
39.239115,-77.9677766,0
39.239115,-77.9677766,0
39.239091,-77.9677593,0
39.239085,-77.967755,0
39.239073,-77.9677456,0
39.239055,-77.9677316,0
39.239055,-77.9677316,0
39.239031,-77.9677156,0
39.239025,-77.9677116,0
39.2390123,-77.9677043,0
39.2389933,-77.9676933,0
39.2389933,-77.9676933,0
39.2389679,-77.9676787,0
39.2389616,-77.967675,0
39.238949,-77.9676683,0
39.23893,-77.9676583,0
39.23893,-77.9676583,0
39.2389033,-77.9676463,0
39.2388966,-77.9676433,0
39.2388833,-77.967638,0
39.2388633,-77.96763,0
39.2388633,-77.96763,0
39.2388353,-77.9676193,0
39.2388283,-77.9676166,0
39.238815,-77.967612,0
39.238795,-77.967605,0
39.238795,-77.967605,0
39.238767,-77.9675983,0
39.23876,-77.9675966,0
39.238746,-77.9675926,0
39.238725,-77.9675866,0
39.238725,-77.9675866,0
39.238697,-77.9675813,0
39.23869,-77.96758,0
39.238676,-77.967578,0
39.238655,-77.967575,0
39.238655,-77.967575,0
39.2386256,-77.9675723,0
39.2386183,-77.9675716,0
39.2386043,-77.967571,0
39.2385833,-77.96757,0
39.2385833,-77.96757,0
39.2385539,-77.96757,0
39.2385466,-77.96757,0
39.2385326,-77.9675706,0
39.2385116,-77.9675716,0
39.2385116,-77.9675716,0
39.2384823,-77.967573,0
39.238475,-77.9675733,0
39.2384603,-77.9675746,0
39.2384383,-77.9675766,0
39.2384383,-77.9675766,0
39.2384103,-77.967582,0
39.2384033,-77.9675833,0
39.2383886,-77.9675853,0
39.2383666,-77.9675883,0
39.2383666,-77.9675883,0
39.2383373,-77.9675949,0
39.23833,-77.9675966,0
39.238316,-77.9676006,0
39.238295,-77.9676066,0
39.238295,-77.9676066,0
39.238267,-77.9676146,0
39.23826,-77.9676166,0
39.2382453,-77.9676213,0
39.2382233,-77.9676283,0
39.2382233,-77.9676283,0
39.2381953,-77.9676389,0
39.2381883,-77.9676416,0
39.2381743,-77.967647,0
39.2381533,-77.967655,0
39.2381533,-77.967655,0
39.2381253,-77.967667,0
39.2381183,-77.96767,0
39.2381043,-77.9676766,0
39.2380833,-77.9676866,0
39.2380833,-77.9676866,0
39.2380553,-77.9676986,0
39.2380483,-77.9677016,0
39.2380343,-77.9677083,0
39.2380133,-77.9677183,0
39.2380133,-77.9677183,0
39.2379853,-77.9677329,0
39.2379783,-77.9677366,0
39.2379643,-77.9677433,0
39.2379433,-77.9677533,0
39.2379433,-77.9677533,0
39.2379153,-77.9677679,0
39.2379083,-77.9677716,0
39.2378943,-77.9677796,0
39.2378733,-77.9677916,0
39.2378733,-77.9677916,0
39.2378453,-77.9678063,0
39.2378383,-77.96781,0
39.2378243,-77.967818,0
39.2378033,-77.96783,0
39.2378033,-77.96783,0
39.2377753,-77.967846,0
39.2377683,-77.96785,0
39.2377543,-77.967858,0
39.2377333,-77.96787,0
39.2377333,-77.96787,0
39.2377053,-77.9678873,0
39.2376983,-77.9678916,0
39.2376843,-77.9678996,0
39.2376633,-77.9679116,0
39.2376633,-77.9679116,0
39.2376353,-77.9679276,0
39.2376283,-77.9679316,0
39.2376143,-77.9679396,0
39.2375933,-77.9679516,0
39.2375933,-77.9679516,STOP(0 128 255)
39.2375653,-77.9679676,0
39.2375583,-77.9679716,0
39.2375436,-77.9679796,0
39.2375216,-77.9679916,0
39.2375216,-77.9679916,0
39.2374936,-77.9680063,0
39.2374866,-77.96801,0
39.237472,-77.9680173,0
39.23745,-77.9680283,0
39.23745,-77.9680283,0
39.2374206,-77.9680443,0
39.2374133,-77.9680483,0
39.2373986,-77.9680556,0
39.2373766,-77.9680666,0
39.2373766,-77.9680666,0
39.2373473,-77.9680813,0
39.23734,-77.968085,0
39.2373253,-77.9680923,0
39.2373033,-77.9681033,0
39.2373033,-77.9681033,0
39.2372739,-77.9681179,0
39.2372666,-77.9681216,0
39.2372513,-77.9681283,0
39.2372283,-77.9681383,0
39.2372283,-77.9681383,0
39.2371989,-77.9681529,0
39.2371916,-77.9681566,0
39.2371763,-77.9681633,0
39.2371533,-77.9681733,0
39.2371533,-77.9681733,0
39.2371227,-77.9681879,0
39.237115,-77.9681916,0
39.2370996,-77.9681983,0
39.2370766,-77.9682083,0
39.2370766,-77.9682083,0
39.237046,-77.9682217,0
39.2370383,-77.968225,0
39.237023,-77.9682316,0
39.237,-77.9682416,0
39.237,-77.9682416,0
39.2369693,-77.968255,0
39.2369616,-77.9682583,0
39.2369463,-77.968265,0
39.2369233,-77.968275,SPLIT:EXIT OF 10
39.2369233,-77.968275,0
39.2368927,-77.9682883,0
39.236885,-77.9682916,0
39.2368696,-77.968299,0
39.2368466,-77.96831,0
39.2368466,-77.96831,0
39.2368146,-77.9683233,0
39.2368066,-77.9683266,0
39.2367913,-77.9683333,0
39.2367683,-77.9683433,0
39.2367683,-77.9683433,0
39.2367363,-77.9683579,0
39.2367283,-77.9683616,0
39.236713,-77.9683683,0
39.23669,-77.9683783,0
39.23669,-77.9683783,0
39.236658,-77.9683929,0
39.23665,-77.9683966,0
39.236634,-77.9684033,0
39.23661,-77.9684133,0
39.23661,-77.9684133,0
39.236578,-77.9684279,0
39.23657,-77.9684316,0
39.236554,-77.968439,0
39.23653,-77.96845,0
39.23653,-77.96845,0
39.2364993,-77.9684646,0
39.2364916,-77.9684683,0
39.236475,-77.968475,0
39.23645,-77.968485,0
39.23645,-77.968485,0
39.236418,-77.9684996,0
39.23641,-77.9685033,0
39.236394,-77.9685106,0
39.23637,-77.9685216,0
39.23637,-77.9685216,0
39.236338,-77.9685363,0
39.23633,-77.96854,0
39.236314,-77.9685473,0
39.23629,-77.9685583,0
39.23629,-77.9685583,0
39.2362566,-77.9685729,0
39.2362483,-77.9685766,0
39.2362323,-77.968584,0
39.2362083,-77.968595,0
39.2362083,-77.968595,0
39.2361763,-77.968611,0
39.2361683,-77.968615,0
39.2361516,-77.9686223,0
39.2361266,-77.9686333,0
39.2361266,-77.9686333,0
39.2360933,-77.9686479,0
39.236085,-77.9686516,0
39.236069,-77.968659,0
39.236045,-77.96867,0
39.236045,-77.96867,0
39.2360116,-77.968686,0
39.2360033,-77.96869,0
39.2359866,-77.9686973,0
39.2359616,-77.9687083,0
39.2359616,-77.9687083,0
39.2359296,-77.9687229,0
39.2359216,-77.9687266,0
39.235905,-77.9687346,0
39.23588,-77.9687466,0
39.23588,-77.9687466,0
39.2358466,-77.9687613,0
39.2358383,-77.968765,0
39.2358216,-77.968773,0
39.2357966,-77.968785,0
39.2357966,-77.968785,0
39.2357633,-77.9687996,0
39.235755,-77.9688033,0
39.2357376,-77.9688106,0
39.2357116,-77.9688216,0
39.2357116,-77.9688216,0
39.2356783,-77.9688376,0
39.23567,-77.9688416,0
39.2356533,-77.968849,0
39.2356283,-77.96886,0
39.2356283,-77.96886,0
39.2355937,-77.9688746,0
39.235585,-77.9688783,0
39.2355683,-77.9688863,0
39.2355433,-77.9688983,0
39.2355433,-77.9688983,0
39.2355087,-77.9689129,0
39.2355,-77.9689166,0
39.2354826,-77.968924,0
39.2354566,-77.968935,0
39.2354566,-77.968935,0
39.2354233,-77.9689496,0
39.235415,-77.9689533,0
39.2353976,-77.9689613,0
39.2353716,-77.9689733,0
39.2353716,-77.9689733,0
39.235337,-77.9689879,0
39.2353283,-77.9689916,0
39.235311,-77.9689996,0
39.235285,-77.9690116,0
39.235285,-77.9690116,0
39.2352503,-77.9690263,0
39.2352416,-77.96903,0
39.2352243,-77.969038,0
